target,index_455,nt_455,aa_455,codon_455,index_486,nt_486,aa_486,codon_486,index_493,nt_493,aa_493,codon_493,index_494,nt_494,aa_494,codon_494,index_498,nt_498,aa_498,codon_498,index_501,nt_501,aa_501,codon_501
AncSarbecovirus_MAP,124,370,L,TTA,155,463,L,TTA,162,484,K,AAG,163,487,S,TCT,167,499,T,ACA,170,508,S,TCT
AncAsia_MAP,125,373,L,CTG,156,466,F,TTT,163,487,Q,CAA,164,490,S,TCT,168,502,H,CAT,171,511,T,ACC
AncClade2_MAP,120,358,S,TCA,138,412,G,GGT,145,433,S,TCT,146,436,T,ACC,150,448,N,AAC,153,457,V,GTT
AncSARS2a_MAP,125,373,L,CTA,156,466,F,TTT,163,487,Q,CAA,164,490,S,TCC,168,502,H,CAT,171,511,T,ACT
AncSARS2c_MAP,125,373,L,CTT,156,466,F,TTC,163,487,Q,CAA,164,490,S,TCT,168,502,H,CAT,171,511,N,AAC
AncSARS1a_MAP,125,373,S,TCT,155,463,F,TTT,162,484,N,AAT,163,487,S,AGT,167,499,F,TTC,170,508,N,AAC
SARS-CoV-2,125,373,L,CTG,156,466,F,TTC,163,487,Q,CAA,164,490,S,TCT,168,502,Q,CAA,171,511,N,AAC
SARS-CoV-2_2649,125,373,L,CTG,156,466,F,TTT,163,487,Q,CAG,164,490,S,TCT,168,502,Q,CAA,171,511,N,AAC
GD-Pangolin,125,373,L,CTA,156,466,F,TTT,163,487,Q,CAA,164,490,S,TCT,168,502,H,CAT,171,511,N,AAT
RaTG13,125,373,L,CTA,156,466,L,CTT,163,487,Y,TAT,164,490,R,AGA,168,502,Y,TAC,171,511,D,GAT
SARS-CoV-1_Urbani_HP03L,125,373,Y,TAC,155,463,L,TTA,162,484,N,AAC,163,487,D,GAC,167,499,Y,TAT,170,508,T,ACC
SARS-CoV-1_2693,125,373,Y,TAT,155,463,L,TTG,162,484,N,AAC,163,487,D,GAT,167,499,Y,TAC,170,508,T,ACG
SARS-CoV-1_PC4-137_PC04,125,373,Y,TAT,155,463,P,CCA,162,484,K,AAA,163,487,G,GGC,167,499,Y,TAC,170,508,S,TCC
Rs7327,125,373,S,TCT,155,463,F,TTT,162,484,N,AAT,163,487,D,GAT,167,499,F,TTC,170,508,N,AAC
BM48-31,122,364,R,AGA,152,454,L,TTA,159,475,A,GCA,160,478,S,TCC,164,490,T,ACG,167,499,S,AGC