RBD,346,372,403,417,439,443,445,446,447,449,452,455,456,476,478,484,486,490,493,494,498,499,501,505
AncSarbecovirus_MAP,S,T,K,V,N,S,S,-,-,N,F,L,F,A,G,E,L,K,K,S,T,P,S,Y
AncAsia_MAP,T,T,K,V,N,S,S,S,G,Y,L,L,F,G,Q,E,F,Y,Q,S,H,P,T,Y
AncClade2_MAP,R,T,R,V,A,T,S,-,-,-,F,S,H,-,-,-,-,Y,S,T,N,P,V,Y
AncSARS2a_MAP,T,T,K,V,N,S,T,G,G,Y,L,L,F,G,T,E,F,Y,Q,S,H,P,T,Y
AncSARS2c_MAP,T,T,R,K,N,S,V,G,G,Y,L,L,F,G,T,E,F,F,Q,S,H,P,N,Y
AncSARS1a_MAP,T,T,K,V,N,S,S,S,G,Y,L,S,L,G,Q,V,F,Y,N,S,F,T,N,Y
SARS-CoV-2,R,A,R,K,N,S,V,G,G,Y,L,L,F,G,T,E,F,F,Q,S,Q,P,N,Y
GD-Pangolin,T,T,R,R,N,S,V,G,G,Y,L,L,F,G,T,E,F,F,Q,S,H,P,N,Y
RaTG13,T,T,T,K,K,A,E,G,G,F,L,L,F,G,K,T,L,Y,Y,R,Y,P,D,H
SARS-CoV-1_Urbani_HP03L,K,T,K,V,R,A,S,T,G,Y,K,Y,L,D,K,P,L,W,N,D,Y,T,T,Y
SARS-CoV-1_PC4-137_PC04,K,T,K,V,R,A,S,T,G,Y,K,Y,L,D,K,P,P,W,K,G,Y,T,S,Y
Rs7327,T,T,K,V,R,A,S,T,G,Y,K,S,L,D,K,P,F,W,N,D,F,T,N,Y
BM48-31,S,T,K,V,N,S,-,-,-,N,F,R,F,S,G,E,L,K,A,S,T,Q,S,F
BtKY72,N,T,K,V,N,S,S,-,-,N,Y,L,F,A,G,S,L,E,K,S,T,P,V,Y