node_ML,node_tree1,node_tree2,name,notes,MAP_seq,MAP_PP,subs_alignpos,subs_SARS2pos,ambig_states,alt_states,altALL_seq,tree1_seq,tree2_seq,rmRaTG13_seq
N2,N2,N2,AncSarbecovirus,ancestral sarbecovirus,NITNLCPFGEVFNATSFPSVYAWERMRISNCVADYSVLYNSSSSFSTFKCYGVSPTKLNDLCFSSVYADYFVVKGDDVRQIAPAQTGVIADYNYKLPDDFTGCVIAWNTNSLDSSS--GNNFFYRLFRHGKIKPYERDISNVLYNPAGGTCSSIEGLNCYKPLKSYGFTPTSGVGYQPYRVVVLSFELLNAPATVCGPKQST,0.94483449,,,S16;M26;S43;I105;S115;S116;gap117;gap118;G119;F123;L126;V142;A147;G149;S153;I154;E155;K161;K164;S172;Q200,T16;L26;A43;L105;K115;S117;G118;R126;S147;Q149;A153;V154;S155;E161;T172,NITNLCPFGEVFNATTFPSVYAWERLRISNCVADYSVLYNSSASFSTFKCYGVSPTKLNDLCFSSVYADYFVVKGDDVRQIAPAQTGVIADYNYKLPDDFTGCVLAWNTNSLDSKSSGGNNFFYRRFRHGKIKPYERDISNVLYNPSGQTCSAVSGLNCYEPLKSYGFTPTTGVGYQPYRVVVLSFELLNAPATVCGPKQST,NITNLCPFGEVFNATTFPSVYAWERMRISNCVADYSVLYNSSSSFSTFKCYGVSPTKLNDLCFSSVYADYFVVKGDDVRQIAPAQTGVIADYNYKLPDDFTGCVLAWNTNSLDSSS--GNNFFYRLFRHGKIKPYERDISNVLYNPAGGTCSSIEGLNCYKPLKSYGFTPTSGVGYQPYRVVVLSFELLNAPATVCGPKQST,NA,
N3,N3,N3,AncEurAf,ancestral non-Asian sarbecovirus,AncSarbecovirus_MAP,0.953732909,,,S16;M26;S43;I105;S115;S116;gap117;gap118;G119;L126;A147;S153;I154;E155;K161;K164;S172;Q200,N16;T16;L26;A43;L105;K115;G118;R126;S147;A153;V154;S155;E161;T172;K200,NITNLCPFGEVFNATTFPSVYAWERLRISNCVADYSVLYNSSASFSTFKCYGVSPTKLNDLCFSSVYADYFVVKGDDVRQIAPAQTGVIADYNYKLPDDFTGCVLAWNTNSLDSKS-GGNNFFYRRFRHGKIKPYERDISNVLYNPSGGTCSAVSGLNCYEPLKSYGFTPTTGVGYQPYRVVVLSFELLNAPATVCGPKKST,NITNLCPFGEVFNATSFPSVYAWERMRISNCVADYSVLYNSSSSFSTFKCYGVSPTKLNDLCFSSVYADYFVVKGDDVRQIAPAQTGVIADYNYKLPDDFTGCVLAWNTNSLDSSS--GNNFFYRLFRHGKIKPYERDISNVLYNPAGGTCSSIEGLNCYKPLKSYGFTPTSGVGYQPYRVVVLSFELLNAPATVCGPKQST,NA,
N4,N4,N4,AncAsia,ancestral SE-Asian sarbecovirus,NITNLCPFGEVFNATTFPSVYAWERKRISNCVADYSVLYNST-SFSTFKCYGVSPTKLNDLCFSNVYADSFVVKGDDVRQIAPGQTGVIADYNYKLPDDFTGCVIAWNTNNLDSSSSGNYNYLYRLFRHSKLKPFERDISNEIYSPGGQPCSGVEGFNCYYPLQSYGFHPTTGVGYQPYRVVVLSFELLNAPATVCGPKLST,0.953617362,S16T;M26K;S42T;S43-;S65N;Y70S;A84G;S111N;-117S;-118G;G119N;N120Y;F122Y;F123L;G130S;I132L;Y135F;V142E;L143I;N145S;A147G;G149Q;T150P;S153G;I154V;L157F;K161Y;K164Q;T169H;S172T;Q200L,S346T;M356K;S372T;S372a-;S394N;Y399S;A413G;S440N;-446S;-447G;G448N;N449Y;F451Y;F452L;G459S;I461L;Y464F;V471E;L472I;N474S;A476G;G478Q;T479P;S482G;I483V;L486F;K490Y;K493Q;T498H;S501T;Q529L,S64;N111;L112;S115;S116;S117;L126;H129;E142;S145;Q149;G153;E155;F157;Q164;T172,T64;S111;T116;G117;S126;K129;D142;N145;T149;V155;L157;K164;N164;N172,NITNLCPFGEVFNATTFPSVYAWERKRISNCVADYSVLYNST-SFSTFKCYGVSPTKLNDLCFTNVYADSFVVKGDDVRQIAPGQTGVIADYNYKLPDDFTGCVIAWNTNSLDSSTGGNYNYLYRSFRKSKLKPFERDISNDIYNPGGTPCSGVVGLNCYYPLKSYGFHPTNGVGYQPYRVVVLSFELLNAPATVCGPKLST,NITNLCPFGEVFNATTFPSVYAWERKRISNCVADYSVLYNST-SFSTFKCYGVSPTKLNDLCFSNVYADSFVVKGDDVRQIAPGQTGVIADYNYKLPDDFTGCVLAWNTNSLDSSSSGNYNYLYRLFRHSKLKPFERDISNVIYSPGGQPCSGVEGFNCYYPLKSYGFHPTTGVGYQPYRVVVLSFELLNAPATVCGPKLST,NITNLCPFGEVFNATTFPSVYAWERKRISNCVADYSVLYNST-SFSTFKCYGVSPTKLNDLCFSSVYADSFVVKGDDVRQIAPGQTGVIADYNYKLPDDFTGCVIAWNTNNLDSSSSGNYNYFYRLFRHSKLKPFERDISNEIYSPGGQPCSGVEGFNCYYPLQSYGFHPTTGVGYQPYRVVVLSFELLNAPATVCGPKLST,
N6,N27,N5,AncClade2,ancestor of clade 2,NITNLCPFDKVFNATRFPSVYAWERTKISDCVADYTVLYNST-SFSTFKCYGVSPSKLIDLCFTSVYADTFLIRSSEVRQVAPGETGVIADYNYKLPDDFTGCVIAWNTAKQDTGS-----YFYRSHRKTKLKPFERDLSSDDG-------------NGVYTLSTYDFNPNVPVAYQATRVVVLSFELLNAPATVCGPKLST,0.985106172,G9D;E10K;T16R;K26T;R27K;N30D;S36T;T56S;N59I;S64T;N65S;S70T;V72L;V73I;K74R;G75S;D76S;D77E;I81V;Q85E;N110A;N111K;L112Q;S114T;S115G;S117-;G118-;N119-;Y120-;N121-;L123F;L126S;F127H;H129K;S130T;I139L;N141S;E142D;I143D;Y144G;S145-;P146-;G147-;G148-;Q149-;P150-;C151-;S152-;G153-;V154-;E155-;G156-;F157-;C159G;Y160V;P162T;Q164S;S165T;G167D;H169N;T171N;T172V;G173P;G175A;P178A;Y179T,G339D;E340K;T346R;K356T;R357K;N360D;S366T;T385S;N388I;S393T;N394S;S399T;V401L;V402I;K403R;G404S;D405S;D406E;I410V;Q414E;N439A;N440K;L441Q;S443T;S444G;S446-;G447-;N448-;Y449-;N450-;L452F;L455S;F456H;H458K;S459T;I468L;N470S;E471D;I472D;Y473G;S474-;P475-;G476-;G477-;Q478-;P479-;C480-;S481-;G482-;V483-;E484-;G485-;F486-;C488G;Y489V;P491T;Q493S;S494T;G496D;H498N;T500N;T501V;G502P;G504A;P507A;Y508T,S116;F123;D143;G144;A175,Y123;E143;gap144,NITNLCPFDKVFNATRFPSVYAWERTKISDCVADYTVLYNST-SFSTFKCYGVSPSKLIDLCFTSVYADTFLIRSSEVRQVAPGETGVIADYNYKLPDDFTGCVIAWNTAKQDTGS-----YYYRSHRKTKLKPFERDLSSDE--------------NGVYTLSTYDFNPNVPVAYQATRVVVLSFELLNAPATVCGPKLST,NA,NITNLCPFDKVFNATRFPSVYAWERTKISDCVADYTVLYNST-SFSTFKCYGVSPSKLIDLCFTSVYADTFLIRSSEVRQVAPGETGVIADYNYKLPDDFTGCVIAWNTAKQDTGS-----YFYRSHRKTKLKPFERDLSSDEG-------------NGVYTLSTYDFNPNVPVAYQATRVVVLSFELLNAPATVCGPKLST,
N49,N49,N49,AncSARS2a,ancestor of SARS-CoV-2 clade,NITNLCPFGEVFNATTFASVYAWNRKRISNCVADYSVLYNST-SFSTFKCYGVSPTKLNDLCFTNVYADSFVVKGDEVRQIAPGQTGVIADYNYKLPDDFTGCVIAWNSNNLDSKTGGNYNYLYRLFRKSKLKPFERDISTEIYQAGSTPCNGVEGFNCYYPLQSYGFHPTTGVGYQPYRVVVLSFELLNAPATVCGPKLST,0.985036415,P18A;E24N;S64T;D77E;T109S;S115K;S116T;S117G;H129K;N141T;S145Q;P146A;G148S;Q149T;S152N,P348A;E354N;S393T;D406E;T438S;S444K;S445T;S446G;H458K;N470T;S474Q;P475A;G477S;Q478T;S481N,L112;K115;E155;F157;T172,S115;V155;L157;N172,NITNLCPFGEVFNATTFASVYAWNRKRISNCVADYSVLYNST-SFSTFKCYGVSPTKLNDLCFTNVYADSFVVKGDEVRQIAPGQTGVIADYNYKLPDDFTGCVIAWNSNNLDSSTGGNYNYLYRLFRKSKLKPFERDISTEIYQAGSTPCNGVVGLNCYYPLQSYGFHPTNGVGYQPYRVVVLSFELLNAPATVCGPKLST,NA,NA,
N50,N50,N50,AncSARS2b,ancestor of GDPangolin/RaTG13/SARS2,GD_Pangolin,0.999737577,K74R;V88R;T116V;K131N;Y161F;T172N;L200Q,K403R;V417R;T445V;K460N;Y490F;T501N;L529Q,,,NA,NA,NA,NITNLCPFGEVFNATTFASVYAWNRKRISNCVADYSVLYNST-SFSTFKCYGVSPTKLNDLCFTNVYADSFVVRGDEVRQIAPGQTGRIADYNYKLPDDFTGCVIAWNSNNLDSKVGGNYNYLYRLFRKSNLKPFERDISTEIYQAGSTPCNGVEGFNCYFPLQSYGFHPTNGVGYQPYRVVVLSFELLHAPATVCGPKQST
N51,N51,N51,AncSARS2c,ancestor of RaTG13/SARS2,NITNLCPFGEVFNATTFASVYAWNRKRISNCVADYSVLYNST-SFSTFKCYGVSPTKLNDLCFTNVYADSFVIRGDEVRQIAPGQTGKIADYNYKLPDDFTGCVIAWNSNNLDSKVGGNYNYLYRLFRKSNLKPFERDISTEIYQAGSTPCNGVEGFNCYFPLQSYGFHPTNGVGYQPYRVVVLSFELLNAPATVCGPKKST,0.998364437,V73I;R88K;Q200K,V402I;R417K;Q529K,,,NA,NA,NA,
N28,N5,N28,AncSARS1a,ancestor of SARS-CoV-1 clade,NITNLCPFGEVFNATTFPSVYAWERKRISNCVADYSVLYNST-SFSTFKCYGVSATKLNDLCFSNVYADSFVVKGDDVRQIAPGQTGVIADYNYKLPDDFMGCVLAWNTNNLDSSSSGNYNYLYRSLRHSKLKPFERDISNDIYSPGGQPCS-AVGFNCYYPLNSYGFFTTNGVGYQPYRVVVLSFELLNAPATVCGPKLST,0.953791366,P55A;T101M;I105L;L126S;F127L;E142D;G153-;V154A;E155V;Q164N;H169F;P170T;T172N,P384A;T430M;I434L;L455S;F456L;E471D;G482-;V483A;E484V;Q493N;H498F;P499T;T501N,M101;N111;L112;S116;S117;S126;L127;H129;K133;D142;Q149;A154;V155;F157;N164;S165;F169;N172,S111;I112;T116;L126;W126;F127;R129;E142;K149;V154;E155;L157;Q164;R164;Y169;T172,NITNLCPFGEVFNATTFPSVYAWERKRISNCVADYSVLYNST-SFSTFKCYGVSATKLNDLCFSNVYADSFVVKGDDVRQIAPGQTGVIADYNYKLPDDFMGCVLAWNTNSIDSSTSGNYNYLYRLFRRSKLKPFERDISNEIYSPGGKPCS-VEGLNCYYPLRSYGFYTTTGVGYQPYRVVVLSFELLNAPATVCGPKLST,NITNLCPFGEVFNATTFPSVYAWERKRISNCVADYSVLYNST-SFSTFKCYGVSATKLNDLCFSNVYADSFVVKGDDVRQIAPGQTGVIADYNYKLPDDFMGCVLAWNTNSLDSSSSGNYNYLYRSFRHSKLKPFERDISNVIYSPGGQPCS-AVGFNCYYPLRSYGFFTTTGVGYQPYRVVVLSFELLNAPATVCGPKLST,NITNLCPFGEVFNATTFPSVYAWERKRISNCVADYSVLYNST-SFSTFKCYGVSATKLNDLCFSNVYADSFVVKGDDVRQIAPGQTGVIADYNYKLPDDFMGCVLAWNTNNLDSSSSGNYNYLYRSLRHSKLKPFERDISNEIYSPGGQPCS-AVGFNCYYPLRSYGFFTTNGVGYQPYRVVVLSFELLNAPATVCGPKLST,
N29,N8,N31,AncSARS1b,ancestor excluding RsSHC014 clade,Rs7327,0.998558538,N110R;L112I;S114A;S115T;S117T;L123K;S130G;K133R;D142V;I143P;Y144F;G147D;Q149K;S152T;A154P;V155P;G156A;Y161W;S165D;V174I,N439R;L441I;S443A;S444T;S446T;L452K;S459G;K462R;D471V;I472P;Y473F;G476D;Q478K;S481T;A483P;V484P;G485A;Y490W;S494D;V503I,F169,Y169,AncSARS1c,NA,NA,
N30,N9,N32,AncSARS1c,ancestor of WIV1/16/LYRa11/SARS1,NITNLCPFGEVFNATTFPSVYAWERKRISNCVADYSVLYNST-SFSTFKCYGVSATKLNDLCFSNVYADSFVVKGDDVRQIAPGQTGVIADYNYKLPDDFMGCVLAWNTRNIDATSTGNYNYKYRSLRHGKLRPFERDISNVPFSPDGKPCT-PPAFNCYWPLNDYGFYTTNGIGYQPYRVVVLSFELLNAPATVCGPKLST,0.999998049,F169Y,F498Y,,,NA,NA,NA,
N31,N10,N33,AncSARS1d,ancestor of LYRa11/SARS1,AncSARS1c_MAP,0.999998045,,,,,NA,NA,NA,
N32,N11,N34,AncSARS-CoV-1,ancestor of SARS-CoV-1 strains from civet and humans 2002-2004,NITNLCPFGEVFNATKFPSVYAWERKRISNCVADYSVLYNST-SFSTFKCYGVSATKLNDLCFSNVYADSFVVKGDDVRQIAPGQTGVIADYNYKLPDDFMGCVLAWNTRNIDATSTGNYNYKYRYLRHGKLRPFERDISNVPFSPDGKPCT-PPALNCYWPLNDYGFYTTSGIGYQPYRVVVLSFELLNAPATVCGPKLST,0.998361376,T16K;S126Y;F157L;N172S,T346K;S455Y;F486L;N501S,S172,T172,NITNLCPFGEVFNATKFPSVYAWERKRISNCVADYSVLYNST-SFSTFKCYGVSATKLNDLCFSNVYADSFVVKGDDVRQIAPGQTGVIADYNYKLPDDFMGCVLAWNTRNIDATSTGNYNYKYRYLRHGKLRPFERDISNVPFSPDGKPCT-PPALNCYWPLNDYGFYTTTGIGYQPYRVVVLSFELLNAPATVCGPKLST,NA,NA,
N33,N12,N35,AncSARS-CoV-1_02-03EML,ancestor of 2002-2003 epidemic SARS-CoV-1 strains E/M/L,SARS-CoV-1_HGZ8L1-A_HP03E_AY394981,1,S44F;S172T,S373F;S501T,,,NA,NA,NA,
N34,N13,N36,AncSARS-CoV-1_02-03ML,ancestor of 2002-2003 epidemic SARS-CoV-1 strains M/L,SARS-CoV-1_Urbani,1,R27K,R357K,,,NA,NA,NA,
N35,N14,N37,AncSARS-CoV-1_02-03L,ancestor of 2002-2003 epidemic SARS-CoV-1 strains L,AncSARS-CoV-1_02-03ML,1,,,,,NA,NA,NA,
N39,N18,N41,AncSARS-CoV-1_03-04,ancestor of 2003-2004 SARS-CoV-1 strains humans and civets,SARS-CoV-1_SZ1_PC03,1,N164K,N493K,,,NA,NA,NA,
N42,N21,N43,AncSARS-CoV-1_04,ancestor of 2004 SARS-CoV-1 strains humans and civets,SARS-CoV-1_PC4-137_PC04,1,L157P;D165G,L486P;D494G,,,NA,NA,NA,
N43,N22,N44,AncSARS-CoV-1_04_civet,ancestor of 2004 SARS-CoV-1 strains civets,AncSARS-CoV-1_04_MAP,1,,,,,NA,NA,NA,
N45,N24,N46,AncSARS-CoV-1_04_human,ancestor of 2004 SARS-CoV-1 strains humans,SARS-CoV-1_GZ0402_HP04,1,K164N,K493N,,,NA,NA,NA,