index,name,plasmid_number,same_as,shallow_MS,site_455 (126),site_486 (157),site_493 (164),site_494 (165),site_498 (169),site_501 (172),nt_seq,seq_wo_gaps,seq_w_gaps,prefix,suffix
1,AncSarbecovirus_MAP,genscript,AncEurAf_MAP,T,L124,L155,K162,S163,T167,S170,AATATAACCAATTTGTGTCCATTTGGCGAGGTCTTTAATGCAACTTCCTTTCCCTCTGTATATGCATGGGAAAGAATGCGTATATCAAATTGCGTCGCCGATTACTCCGTTCTTTACAATTCAAGTAGTTCTTTCTCAACATTCAAATGTTATGGAGTCTCTCCCACTAAACTAAACGATTTGTGCTTCTCATCTGTTTATGCTGATTACTTCGTCGTTAAGGGAGACGACGTCAGACAAATAGCACCCGCACAAACTGGAGTGATCGCGGACTATAATTACAAATTACCAGATGATTTTACTGGCTGCGTTATCGCATGGAATACCAACTCATTGGATTCCTCATCCGGAAATAATTTCTTCTATAGGTTATTTAGGCACGGAAAGATAAAACCTTACGAAAGAGATATTTCCAATGTGTTATATAATCCTGCCGGTGGAACTTGTAGTTCTATTGAGGGTTTAAACTGTTACAAACCTCTTAAGTCTTATGGCTTTACACCAACATCTGGCGTTGGATACCAACCATATAGAGTTGTTGTGCTTTCGTTCGAATTGTTAAATGCTCCTGCAACCGTTTGTGGTCCTAAGCAAAGTACC,NITNLCPFGEVFNATSFPSVYAWERMRISNCVADYSVLYNSSSSFSTFKCYGVSPTKLNDLCFSSVYADYFVVKGDDVRQIAPAQTGVIADYNYKLPDDFTGCVIAWNTNSLDSSSGNNFFYRLFRHGKIKPYERDISNVLYNPAGGTCSSIEGLNCYKPLKSYGFTPTSGVGYQPYRVVVLSFELLNAPATVCGPKQST,NITNLCPFGEVFNATSFPSVYAWERMRISNCVADYSVLYNSSSSFSTFKCYGVSPTKLNDLCFSSVYADYFVVKGDDVRQIAPAQTGVIADYNYKLPDDFTGCVIAWNTNSLDSSS--GNNFFYRLFRHGKIKPYERDISNVLYNPAGGTCSSIEGLNCYKPLKSYGFTPTSGVGYQPYRVVVLSFELLNAPATVCGPKQST,ggagggtcggctagccatatg,ctcgaggggggcggttccga
2,AncSarbecovirus_altALL,twist,,F,,,,,,,AACATAACTAATTTGTGTCCATTTGGTGAAGTTTTCAACGCAACAACTTTTCCATCTGTATACGCCTGGGAGCGTCTAAGAATTTCCAATTGCGTCGCTGACTATTCTGTCTTGTACAACTCAAGCGCCAGTTTCTCAACATTCAAGTGTTATGGTGTAAGCCCTACAAAACTGAATGACTTGTGCTTTAGCTCCGTGTACGCCGATTACTTTGTGGTTAAGGGTGATGACGTGAGACAAATTGCACCTGCGCAGACTGGCGTCATTGCCGACTATAACTACAAGCTTCCCGATGATTTCACTGGTTGCGTATTAGCGTGGAATACAAATTCTTTGGATTCAAAGAGTTCTGGTGGTAATAATTTCTTCTATAGAAGATTCAGACATGGTAAAATAAAGCCGTACGAAAGAGATATATCAAACGTGCTATATAATCCAAGTGGTCAAACGTGCTCCGCTGTAAGCGGTTTGAATTGTTATGAACCATTAAAGTCTTACGGCTTCACGCCAACTACTGGTGTAGGTTACCAACCTTACAGAGTCGTGGTTCTTAGTTTCGAATTATTAAATGCGCCGGCAACCGTCTGCGGCCCAAAGCAATCTACC,NITNLCPFGEVFNATTFPSVYAWERLRISNCVADYSVLYNSSASFSTFKCYGVSPTKLNDLCFSSVYADYFVVKGDDVRQIAPAQTGVIADYNYKLPDDFTGCVLAWNTNSLDSKSSGGNNFFYRRFRHGKIKPYERDISNVLYNPSGQTCSAVSGLNCYEPLKSYGFTPTTGVGYQPYRVVVLSFELLNAPATVCGPKQST,NITNLCPFGEVFNATTFPSVYAWERLRISNCVADYSVLYNSSASFSTFKCYGVSPTKLNDLCFSSVYADYFVVKGDDVRQIAPAQTGVIADYNYKLPDDFTGCVLAWNTNSLDSKSSGGNNFFYRRFRHGKIKPYERDISNVLYNPSGQTCSAVSGLNCYEPLKSYGFTPTTGVGYQPYRVVVLSFELLNAPATVCGPKQST,ggagggtcggctagccatatg,ctcgaggggggcggttccga
3,AncSarbecovirus_alt1_ins117ins118,twist,,F,,,,,,,AATATAACAAATCTTTGCCCTTTCGGAGAAGTATTTAACGCCACGTCATTTCCTAGTGTTTACGCGTGGGAAAGAATGCGTATTTCAAATTGTGTGGCTGATTATTCCGTTTTGTATAACTCTTCTTCATCTTTCTCCACATTCAAATGTTATGGTGTTTCTCCGACAAAGTTAAACGACTTGTGTTTTAGTTCAGTCTATGCCGATTACTTTGTTGTAAAAGGCGATGACGTTAGACAAATAGCTCCTGCACAGACTGGTGTCATTGCTGACTATAATTATAAATTGCCAGACGACTTTACTGGCTGCGTCATCGCATGGAACACTAATTCCCTGGACTCCAGCAGTTCCGGCGGAAATAACTTCTTCTATAGATTGTTCAGACATGGCAAGATAAAGCCTTACGAACGTGACATAAGCAACGTGCTATATAACCCTGCCGGTGGTACTTGCAGCTCAATAGAAGGTTTGAATTGCTATAAGCCTTTAAAATCCTACGGTTTTACCCCAACAAGCGGAGTCGGTTATCAGCCTTATAGAGTTGTAGTCTTGAGTTTTGAACTGTTAAATGCACCAGCCACCGTTTGCGGGCCCAAGCAGTCAACC,NITNLCPFGEVFNATSFPSVYAWERMRISNCVADYSVLYNSSSSFSTFKCYGVSPTKLNDLCFSSVYADYFVVKGDDVRQIAPAQTGVIADYNYKLPDDFTGCVIAWNTNSLDSSSSGGNNFFYRLFRHGKIKPYERDISNVLYNPAGGTCSSIEGLNCYKPLKSYGFTPTSGVGYQPYRVVVLSFELLNAPATVCGPKQST,NITNLCPFGEVFNATSFPSVYAWERMRISNCVADYSVLYNSSSSFSTFKCYGVSPTKLNDLCFSSVYADYFVVKGDDVRQIAPAQTGVIADYNYKLPDDFTGCVIAWNTNSLDSSSSGGNNFFYRLFRHGKIKPYERDISNVLYNPAGGTCSSIEGLNCYKPLKSYGFTPTSGVGYQPYRVVVLSFELLNAPATVCGPKQST,ggagggtcggctagccatatg,ctcgaggggggcggttccga
4,AncSarbecovirus_tree1,twist,,F,,,,,,,AACATCACAAACCTATGTCCATTCGGTGAGGTTTTCAACGCAACTACCTTTCCGTCTGTGTATGCTTGGGAGCGTATGAGAATCTCCAACTGTGTAGCTGACTACTCTGTGTTATATAACTCATCATCATCTTTCTCCACTTTTAAATGCTACGGCGTCTCACCTACAAAGTTGAATGACCTTTGTTTCTCATCAGTGTACGCCGATTATTTTGTGGTTAAAGGTGATGATGTTAGACAAATTGCTCCAGCCCAGACTGGAGTTATTGCTGACTATAATTATAAATTGCCAGATGACTTCACAGGTTGTGTGTTGGCTTGGAACACCAATAGCTTAGATTCTTCCTCTGGTAACAATTTCTTTTACAGACTATTTAGGCACGGCAAAATCAAACCTTACGAAAGAGATATTTCTAACGTGTTATATAACCCGGCTGGCGGTACGTGTTCAAGCATTGAAGGTCTGAACTGCTATAAACCCTTGAAAAGCTATGGCTTCACTCCAACCTCCGGTGTTGGCTATCAACCATATAGAGTAGTTGTACTTTCATTCGAGTTACTAAATGCCCCGGCGACTGTATGTGGCCCAAAACAGTCTACC,NITNLCPFGEVFNATTFPSVYAWERMRISNCVADYSVLYNSSSSFSTFKCYGVSPTKLNDLCFSSVYADYFVVKGDDVRQIAPAQTGVIADYNYKLPDDFTGCVLAWNTNSLDSSSGNNFFYRLFRHGKIKPYERDISNVLYNPAGGTCSSIEGLNCYKPLKSYGFTPTSGVGYQPYRVVVLSFELLNAPATVCGPKQST,NITNLCPFGEVFNATTFPSVYAWERMRISNCVADYSVLYNSSSSFSTFKCYGVSPTKLNDLCFSSVYADYFVVKGDDVRQIAPAQTGVIADYNYKLPDDFTGCVLAWNTNSLDSSS--GNNFFYRLFRHGKIKPYERDISNVLYNPAGGTCSSIEGLNCYKPLKSYGFTPTSGVGYQPYRVVVLSFELLNAPATVCGPKQST,ggagggtcggctagccatatg,ctcgaggggggcggttccga
5,AncEurAf_altALL,twist,,F,,,,,,,AATATTACAAATTTGTGTCCATTTGGTGAGGTGTTTAACGCTACGACCTTTCCCTCTGTTTACGCCTGGGAGCGTTTGAGAATTAGCAACTGTGTTGCTGATTATTCTGTCCTGTATAACAGTTCCGCCTCATTTTCTACTTTTAAATGTTACGGTGTATCCCCAACCAAGTTGAATGATCTGTGTTTCTCTAGTGTTTACGCTGATTATTTTGTGGTCAAAGGTGATGACGTAAGACAAATAGCGCCAGCTCAAACCGGTGTCATTGCCGATTATAACTATAAACTACCAGATGATTTCACAGGCTGCGTTTTAGCTTGGAATACTAACAGCTTAGATAGCAAGTCCGGTGGCAATAATTTCTTCTATAGAAGATTTAGACATGGTAAAATTAAGCCTTATGAGAGAGACATTTCCAACGTCCTGTATAACCCATCTGGTGGTACTTGCAGCGCGGTGTCTGGATTAAATTGTTATGAGCCACTGAAGTCTTATGGGTTTACTCCAACAACGGGTGTTGGTTACCAACCCTACCGTGTGGTCGTCCTATCATTTGAATTGTTAAATGCACCTGCAACTGTATGCGGTCCAAAGAAGTCCACT,NITNLCPFGEVFNATTFPSVYAWERLRISNCVADYSVLYNSSASFSTFKCYGVSPTKLNDLCFSSVYADYFVVKGDDVRQIAPAQTGVIADYNYKLPDDFTGCVLAWNTNSLDSKSGGNNFFYRRFRHGKIKPYERDISNVLYNPSGGTCSAVSGLNCYEPLKSYGFTPTTGVGYQPYRVVVLSFELLNAPATVCGPKKST,NITNLCPFGEVFNATTFPSVYAWERLRISNCVADYSVLYNSSASFSTFKCYGVSPTKLNDLCFSSVYADYFVVKGDDVRQIAPAQTGVIADYNYKLPDDFTGCVLAWNTNSLDSKS-GGNNFFYRRFRHGKIKPYERDISNVLYNPSGGTCSAVSGLNCYEPLKSYGFTPTTGVGYQPYRVVVLSFELLNAPATVCGPKKST,ggagggtcggctagccatatg,ctcgaggggggcggttccga
6,AncEurAf_tree1,twist,,F,,,,,,,AACATTACAAATTTGTGCCCTTTTGGTGAAGTTTTCAATGCTACCTCCTTTCCATCTGTCTACGCATGGGAACGTATGAGAATATCCAATTGTGTCGCTGATTATTCTGTTCTATATAATAGTTCAAGCTCATTTTCTACATTCAAGTGCTACGGTGTTAGCCCAACTAAATTAAATGATTTATGTTTCTCAAGTGTTTATGCCGATTACTTCGTTGTAAAAGGAGACGATGTGAGACAAATTGCCCCGGCTCAGACAGGTGTGATCGCAGATTACAATTATAAGTTGCCGGACGACTTTACAGGTTGTGTTTTAGCTTGGAATACCAATTCTTTAGATTCATCTAGCGGGAATAACTTCTTTTACAGATTGTTCAGGCATGGAAAGATTAAACCTTACGAAAGAGATATAAGCAACGTCCTATATAATCCAGCTGGTGGCACCTGTTCTTCAATTGAAGGCTTGAACTGTTACAAACCATTAAAGAGCTATGGTTTCACACCAACCTCCGGAGTCGGCTATCAGCCTTACAGAGTCGTTGTTCTTAGCTTCGAACTTTTGAATGCACCCGCGACTGTTTGCGGTCCAAAACAATCCACG,NITNLCPFGEVFNATSFPSVYAWERMRISNCVADYSVLYNSSSSFSTFKCYGVSPTKLNDLCFSSVYADYFVVKGDDVRQIAPAQTGVIADYNYKLPDDFTGCVLAWNTNSLDSSSGNNFFYRLFRHGKIKPYERDISNVLYNPAGGTCSSIEGLNCYKPLKSYGFTPTSGVGYQPYRVVVLSFELLNAPATVCGPKQST,NITNLCPFGEVFNATSFPSVYAWERMRISNCVADYSVLYNSSSSFSTFKCYGVSPTKLNDLCFSSVYADYFVVKGDDVRQIAPAQTGVIADYNYKLPDDFTGCVLAWNTNSLDSSS--GNNFFYRLFRHGKIKPYERDISNVLYNPAGGTCSSIEGLNCYKPLKSYGFTPTSGVGYQPYRVVVLSFELLNAPATVCGPKQST,ggagggtcggctagccatatg,ctcgaggggggcggttccga
7,AncAsia_MAP,genscript,,T,L125,F156,Q163,S164,H168,T171,AATATTACCAATCTTTGCCCTTTTGGAGAAGTATTCAACGCAACAACCTTTCCATCTGTCTATGCTTGGGAACGTAAACGTATATCCAATTGCGTGGCTGACTACTCGGTCTTGTATAATTCTACAAGTTTCTCTACATTTAAATGCTATGGCGTCTCGCCAACTAAATTGAATGACCTATGCTTCTCCAACGTCTACGCGGATAGCTTCGTAGTTAAGGGAGATGATGTTAGGCAAATTGCCCCGGGCCAAACTGGAGTAATAGCCGATTATAACTATAAGTTGCCAGATGATTTTACTGGATGCGTCATTGCATGGAACACTAACAATTTGGATTCATCGAGCAGCGGGAACTACAATTACCTTTATCGTCTGTTTAGACATTCCAAATTGAAACCGTTCGAAAGAGATATTTCTAACGAAATCTATTCACCCGGCGGGCAACCATGCTCCGGAGTTGAAGGCTTTAATTGCTATTATCCATTGCAATCTTATGGATTCCATCCAACGACCGGTGTCGGCTATCAGCCATATAGGGTGGTAGTTCTATCGTTCGAGTTATTAAATGCCCCTGCTACCGTCTGCGGGCCCAAGCTAAGCACC,NITNLCPFGEVFNATTFPSVYAWERKRISNCVADYSVLYNSTSFSTFKCYGVSPTKLNDLCFSNVYADSFVVKGDDVRQIAPGQTGVIADYNYKLPDDFTGCVIAWNTNNLDSSSSGNYNYLYRLFRHSKLKPFERDISNEIYSPGGQPCSGVEGFNCYYPLQSYGFHPTTGVGYQPYRVVVLSFELLNAPATVCGPKLST,NITNLCPFGEVFNATTFPSVYAWERKRISNCVADYSVLYNST-SFSTFKCYGVSPTKLNDLCFSNVYADSFVVKGDDVRQIAPGQTGVIADYNYKLPDDFTGCVIAWNTNNLDSSSSGNYNYLYRLFRHSKLKPFERDISNEIYSPGGQPCSGVEGFNCYYPLQSYGFHPTTGVGYQPYRVVVLSFELLNAPATVCGPKLST,ggagggtcggctagccatatg,ctcgaggggggcggttccga
8,AncAsia_altALL,twist,,F,,,,,,,AATATTACTAATTTGTGCCCTTTCGGCGAAGTCTTCAATGCGACCACATTTCCTAGTGTTTATGCCTGGGAAAGAAAGAGAATAAGTAACTGCGTTGCGGACTATTCAGTTTTATACAACTCCACTAGCTTCTCCACTTTTAAGTGCTATGGTGTTTCACCGACTAAATTAAACGATTTATGTTTTACTAACGTATATGCTGATTCATTTGTTGTTAAAGGAGATGACGTGAGACAAATTGCGCCTGGTCAGACAGGTGTAATCGCTGATTATAATTATAAATTACCAGACGATTTTACCGGCTGCGTTATTGCTTGGAATACAAATTCATTAGACTCTAGCACAGGTGGAAACTACAACTATTTATACAGGTCCTTCCGTAAGTCCAAGTTAAAACCATTCGAACGTGATATTTCTAACGATATATACAACCCCGGAGGGACACCGTGCAGTGGTGTCGTAGGTCTGAATTGTTACTATCCTCTTAAAAGTTACGGTTTTCATCCAACCAACGGAGTCGGTTATCAACCTTATAGAGTAGTTGTCCTTAGTTTTGAACTATTAAACGCTCCAGCCACTGTGTGTGGGCCGAAGCTAAGCACA,NITNLCPFGEVFNATTFPSVYAWERKRISNCVADYSVLYNSTSFSTFKCYGVSPTKLNDLCFTNVYADSFVVKGDDVRQIAPGQTGVIADYNYKLPDDFTGCVIAWNTNSLDSSTGGNYNYLYRSFRKSKLKPFERDISNDIYNPGGTPCSGVVGLNCYYPLKSYGFHPTNGVGYQPYRVVVLSFELLNAPATVCGPKLST,NITNLCPFGEVFNATTFPSVYAWERKRISNCVADYSVLYNST-SFSTFKCYGVSPTKLNDLCFTNVYADSFVVKGDDVRQIAPGQTGVIADYNYKLPDDFTGCVIAWNTNSLDSSTGGNYNYLYRSFRKSKLKPFERDISNDIYNPGGTPCSGVVGLNCYYPLKSYGFHPTNGVGYQPYRVVVLSFELLNAPATVCGPKLST,ggagggtcggctagccatatg,ctcgaggggggcggttccga
9,AncAsia_tree1,twist,,F,,,,,,,AATATAACAAATCTTTGTCCGTTCGGTGAAGTATTTAATGCCACAACGTTTCCGAGCGTATATGCATGGGAGCGTAAAAGGATTAGCAACTGCGTTGCCGACTACTCTGTGTTATACAACTCCACTTCATTCAGCACTTTCAAATGTTATGGCGTTAGTCCGACCAAATTGAATGATTTGTGCTTTTCAAATGTCTACGCTGATTCTTTCGTAGTAAAGGGTGACGACGTAAGACAAATTGCACCTGGTCAGACGGGTGTTATTGCCGATTATAATTACAAACTACCCGACGACTTTACCGGTTGTGTTTTAGCATGGAATACGAACAGTCTTGACTCATCATCCAGTGGTAACTATAACTATCTTTATAGACTTTTCAGGCACTCAAAATTGAAGCCATTCGAAAGAGATATTAGCAACGTCATCTATTCACCAGGTGGTCAACCTTGTAGCGGGGTTGAAGGTTTTAATTGTTATTACCCATTGAAATCTTATGGTTTTCATCCAACGACTGGCGTAGGTTATCAGCCCTATAGAGTCGTCGTGTTGTCATTCGAGCTGTTGAATGCTCCTGCAACAGTATGTGGTCCGAAACTTAGTACG,NITNLCPFGEVFNATTFPSVYAWERKRISNCVADYSVLYNSTSFSTFKCYGVSPTKLNDLCFSNVYADSFVVKGDDVRQIAPGQTGVIADYNYKLPDDFTGCVLAWNTNSLDSSSSGNYNYLYRLFRHSKLKPFERDISNVIYSPGGQPCSGVEGFNCYYPLKSYGFHPTTGVGYQPYRVVVLSFELLNAPATVCGPKLST,NITNLCPFGEVFNATTFPSVYAWERKRISNCVADYSVLYNST-SFSTFKCYGVSPTKLNDLCFSNVYADSFVVKGDDVRQIAPGQTGVIADYNYKLPDDFTGCVLAWNTNSLDSSSSGNYNYLYRLFRHSKLKPFERDISNVIYSPGGQPCSGVEGFNCYYPLKSYGFHPTTGVGYQPYRVVVLSFELLNAPATVCGPKLST,ggagggtcggctagccatatg,ctcgaggggggcggttccga
10,AncAsia_tree2,twist,,F,,,,,,,AATATCACTAACTTATGCCCGTTCGGTGAAGTGTTTAACGCTACTACATTCCCAAGTGTATATGCCTGGGAAAGAAAACGTATTTCTAACTGTGTCGCAGATTATTCTGTCTTGTACAACTCTACTTCTTTTAGTACCTTTAAGTGTTACGGAGTTTCCCCTACTAAGTTAAACGACCTATGTTTCTCATCCGTTTACGCGGATTCTTTCGTGGTTAAAGGTGATGACGTTCGTCAGATCGCTCCAGGCCAAACCGGTGTCATTGCCGATTACAACTACAAGTTGCCGGATGACTTCACCGGTTGCGTTATAGCATGGAACACTAATAATTTGGATAGCTCCAGTAGTGGCAATTATAACTATTTCTATAGACTTTTCAGACATAGCAAATTGAAACCATTTGAGAGAGATATCTCCAATGAAATCTACTCACCGGGCGGTCAACCCTGCTCAGGAGTTGAAGGTTTCAATTGCTATTACCCTTTACAATCATACGGTTTTCATCCAACAACAGGCGTAGGATATCAACCATATAGAGTAGTCGTATTGAGCTTTGAACTTCTAAATGCGCCAGCAACTGTGTGTGGTCCCAAATTGAGTACC,NITNLCPFGEVFNATTFPSVYAWERKRISNCVADYSVLYNSTSFSTFKCYGVSPTKLNDLCFSSVYADSFVVKGDDVRQIAPGQTGVIADYNYKLPDDFTGCVIAWNTNNLDSSSSGNYNYFYRLFRHSKLKPFERDISNEIYSPGGQPCSGVEGFNCYYPLQSYGFHPTTGVGYQPYRVVVLSFELLNAPATVCGPKLST,NITNLCPFGEVFNATTFPSVYAWERKRISNCVADYSVLYNST-SFSTFKCYGVSPTKLNDLCFSSVYADSFVVKGDDVRQIAPGQTGVIADYNYKLPDDFTGCVIAWNTNNLDSSSSGNYNYFYRLFRHSKLKPFERDISNEIYSPGGQPCSGVEGFNCYYPLQSYGFHPTTGVGYQPYRVVVLSFELLNAPATVCGPKLST,ggagggtcggctagccatatg,ctcgaggggggcggttccga
11,AncClade2_MAP,genscript,,T,S120,G138,S145,T146,N150,V153,AATATAACTAATTTGTGTCCTTTCGACAAAGTTTTCAACGCAACTAGGTTCCCTAGCGTCTACGCTTGGGAGCGTACTAAGATCTCTGATTGTGTAGCTGATTACACCGTACTATATAACAGTACTTCATTCTCAACATTTAAGTGTTATGGCGTTTCTCCAAGTAAACTAATTGACCTTTGCTTCACCTCCGTCTATGCGGACACCTTCTTGATTAGATCATCTGAAGTCAGACAAGTAGCTCCCGGAGAAACTGGTGTCATAGCCGATTACAATTACAAATTGCCTGATGATTTTACCGGTTGCGTTATCGCTTGGAATACTGCTAAGCAAGATACCGGTAGTTACTTCTACCGTTCACATAGGAAGACTAAATTGAAACCTTTTGAGCGTGATCTTAGCTCTGACGACGGTAACGGCGTTTACACTTTGTCTACCTATGATTTTAACCCAAACGTTCCCGTGGCGTACCAAGCCACGAGAGTAGTTGTTTTATCCTTTGAGTTGTTGAATGCACCGGCAACCGTTTGTGGCCCAAAGTTATCCACT,NITNLCPFDKVFNATRFPSVYAWERTKISDCVADYTVLYNSTSFSTFKCYGVSPSKLIDLCFTSVYADTFLIRSSEVRQVAPGETGVIADYNYKLPDDFTGCVIAWNTAKQDTGSYFYRSHRKTKLKPFERDLSSDDGNGVYTLSTYDFNPNVPVAYQATRVVVLSFELLNAPATVCGPKLST,NITNLCPFDKVFNATRFPSVYAWERTKISDCVADYTVLYNST-SFSTFKCYGVSPSKLIDLCFTSVYADTFLIRSSEVRQVAPGETGVIADYNYKLPDDFTGCVIAWNTAKQDTGS-----YFYRSHRKTKLKPFERDLSSDDG-------------NGVYTLSTYDFNPNVPVAYQATRVVVLSFELLNAPATVCGPKLST,ggagggtcggctagccatatg,ctcgaggggggcggttccga
12,AncClade2_alt1_subs-only,twist,,F,,,,,,,AATATCACGAATTTGTGCCCTTTCGATAAAGTTTTCAATGCAACGAGATTTCCTTCTGTCTATGCATGGGAACGTACAAAGATCTCCGATTGTGTCGCTGATTACACAGTTCTATACAATTCCACTTCTTTCAGCACTTTCAAATGTTATGGTGTGAGCCCTTCAAAATTAATTGACTTATGCTTTACTAGTGTTTACGCAGATACGTTCTTGATCAGATCTTCTGAGGTGCGTCAAGTTGCTCCCGGCGAAACTGGCGTTATCGCTGATTATAATTATAAACTACCTGACGACTTCACCGGCTGTGTAATAGCTTGGAACACTGCCAAACAGGATACTGGTAGTAGTGGCAACTATAACTACTTTTATCGTTCACATAGAAAGACAAAGTTAAAACCTTTTGAAAGAGATTTGTCATCTGATGACGGTTCTCCAGGCGGTCAACCATGCTCAGGTGTTGAAGGCTTCAACGGCGTGTATACTTTAAGTACCTACGATTTTAATCCAAACGTACCCGTCGCTTATCAAGCCACCAGGGTTGTGGTTCTTTCATTCGAATTATTGAATGCACCTGCTACTGTTTGTGGTCCTAAACTTTCCACA,NITNLCPFDKVFNATRFPSVYAWERTKISDCVADYTVLYNSTSFSTFKCYGVSPSKLIDLCFTSVYADTFLIRSSEVRQVAPGETGVIADYNYKLPDDFTGCVIAWNTAKQDTGSSGNYNYFYRSHRKTKLKPFERDLSSDDGSPGGQPCSGVEGFNGVYTLSTYDFNPNVPVAYQATRVVVLSFELLNAPATVCGPKLST,NITNLCPFDKVFNATRFPSVYAWERTKISDCVADYTVLYNST-SFSTFKCYGVSPSKLIDLCFTSVYADTFLIRSSEVRQVAPGETGVIADYNYKLPDDFTGCVIAWNTAKQDTGSSGNYNYFYRSHRKTKLKPFERDLSSDDGSPGGQPCSGVEGFNGVYTLSTYDFNPNVPVAYQATRVVVLSFELLNAPATVCGPKLST,ggagggtcggctagccatatg,ctcgaggggggcggttccga
13,AncClade2_alt2_del1-only,twist,,F,,,,,,,AATATCACTAATCTGTGCCCTTTCGGTGAAGTGTTCAATGCTACGACTTTCCCTTCAGTTTATGCATGGGAAAGAAAGAGAATCTCAAACTGCGTGGCTGATTACAGCGTACTTTATAACTCTACATCATTTTCTACTTTTAAGTGCTATGGCGTTTCACCTACCAAATTAAACGATCTTTGTTTCAGCAATGTTTACGCAGATTCATTTGTTGTTAAGGGAGACGACGTCAGACAAATTGCTCCAGGACAAACCGGGGTGATTGCAGACTATAACTATAAATTGCCGGACGATTTTACAGGGTGTGTCATAGCTTGGAACACAAACAATTTAGATTCTTCCTCTTATCTATATCGTTTGTTCAGGCACAGCAAGCTAAAGCCTTTTGAAAGGGATATTTCTAATGAGATTTACTCCCCAGGTGGGCAACCATGCTCAGGTGTGGAGGGCTTCAACTGTTATTACCCTCTTCAAAGCTATGGGTTTCATCCCACAACAGGTGTAGGCTACCAACCATACCGTGTCGTTGTCTTGAGTTTTGAACTATTGAATGCTCCGGCTACAGTTTGCGGTCCTAAGTTGTCTACT,NITNLCPFGEVFNATTFPSVYAWERKRISNCVADYSVLYNSTSFSTFKCYGVSPTKLNDLCFSNVYADSFVVKGDDVRQIAPGQTGVIADYNYKLPDDFTGCVIAWNTNNLDSSSYLYRLFRHSKLKPFERDISNEIYSPGGQPCSGVEGFNCYYPLQSYGFHPTTGVGYQPYRVVVLSFELLNAPATVCGPKLST,NITNLCPFGEVFNATTFPSVYAWERKRISNCVADYSVLYNST-SFSTFKCYGVSPTKLNDLCFSNVYADSFVVKGDDVRQIAPGQTGVIADYNYKLPDDFTGCVIAWNTNNLDSSS-----YLYRLFRHSKLKPFERDISNEIYSPGGQPCSGVEGFNCYYPLQSYGFHPTTGVGYQPYRVVVLSFELLNAPATVCGPKLST,ggagggtcggctagccatatg,ctcgaggggggcggttccga
14,AncClade2_alt3_del2-only,twist,,F,,,,,,,AACATTACCAACCTATGTCCTTTCGGTGAAGTCTTCAATGCCACAACCTTTCCCTCAGTCTACGCTTGGGAACGTAAGAGAATTTCAAACTGTGTTGCCGATTATTCCGTTTTGTACAACTCAACGTCCTTTTCAACTTTTAAATGCTATGGCGTCTCTCCAACAAAGCTTAACGACTTATGTTTCAGTAATGTATATGCGGACAGTTTTGTGGTAAAAGGAGACGACGTCAGACAGATTGCCCCTGGTCAAACTGGAGTTATAGCAGACTATAACTATAAGTTACCTGATGACTTTACTGGTTGTGTTATCGCATGGAACACCAATAACTTAGATTCTTCTTCCTCTGGCAACTACAATTATCTTTATAGGCTATTCAGGCATTCTAAGTTAAAACCTTTTGAGCGTGACATTTCTAATGAAATTTATAATTGTTACTACCCACTTCAATCTTACGGTTTTCATCCTACTACCGGTGTTGGGTATCAACCCTACAGGGTGGTGGTTTTGTCTTTTGAGTTGTTAAATGCTCCCGCTACGGTATGTGGCCCTAAATTATCTACC,NITNLCPFGEVFNATTFPSVYAWERKRISNCVADYSVLYNSTSFSTFKCYGVSPTKLNDLCFSNVYADSFVVKGDDVRQIAPGQTGVIADYNYKLPDDFTGCVIAWNTNNLDSSSSGNYNYLYRLFRHSKLKPFERDISNEIYNCYYPLQSYGFHPTTGVGYQPYRVVVLSFELLNAPATVCGPKLST,NITNLCPFGEVFNATTFPSVYAWERKRISNCVADYSVLYNST-SFSTFKCYGVSPTKLNDLCFSNVYADSFVVKGDDVRQIAPGQTGVIADYNYKLPDDFTGCVIAWNTNNLDSSSSGNYNYLYRLFRHSKLKPFERDISNEIY-------------NCYYPLQSYGFHPTTGVGYQPYRVVVLSFELLNAPATVCGPKLST,ggagggtcggctagccatatg,ctcgaggggggcggttccga
15,AncClade2_alt4_dels-only,twist,,F,,,,,,,AACATAACTAATTTGTGCCCATTTGGTGAGGTCTTTAACGCTACAACTTTCCCATCAGTTTATGCATGGGAAAGAAAGAGGATTTCTAATTGTGTGGCAGATTACAGCGTTCTTTACAACAGCACATCATTTAGTACCTTTAAGTGTTATGGCGTATCTCCAACGAAACTAAACGATCTGTGCTTCAGTAACGTCTATGCGGACTCTTTCGTCGTTAAGGGTGACGATGTTAGACAAATCGCTCCTGGCCAAACTGGTGTTATTGCCGACTACAATTATAAGTTACCCGATGATTTTACAGGTTGTGTTATTGCTTGGAACACCAATAACTTAGACTCTTCATCTTACTTGTACAGGTTGTTTAGACATTCTAAGTTAAAGCCGTTCGAAAGAGATATATCCAATGAGATATATAATTGCTATTATCCACTACAATCTTACGGTTTTCATCCGACCACTGGTGTTGGTTACCAGCCCTATCGTGTAGTAGTTTTATCATTCGAACTGCTGAATGCACCTGCGACAGTCTGCGGCCCCAAGCTTTCCACA,NITNLCPFGEVFNATTFPSVYAWERKRISNCVADYSVLYNSTSFSTFKCYGVSPTKLNDLCFSNVYADSFVVKGDDVRQIAPGQTGVIADYNYKLPDDFTGCVIAWNTNNLDSSSYLYRLFRHSKLKPFERDISNEIYNCYYPLQSYGFHPTTGVGYQPYRVVVLSFELLNAPATVCGPKLST,NITNLCPFGEVFNATTFPSVYAWERKRISNCVADYSVLYNST-SFSTFKCYGVSPTKLNDLCFSNVYADSFVVKGDDVRQIAPGQTGVIADYNYKLPDDFTGCVIAWNTNNLDSSS-----YLYRLFRHSKLKPFERDISNEIY-------------NCYYPLQSYGFHPTTGVGYQPYRVVVLSFELLNAPATVCGPKLST,ggagggtcggctagccatatg,ctcgaggggggcggttccga
16,AncClade2_altALL,twist,,F,,,,,,,AACATTACTAACCTATGTCCATTTGATAAAGTCTTTAACGCTACTAGATTTCCGAGTGTTTATGCCTGGGAACGTACAAAGATAAGTGATTGTGTTGCTGATTATACAGTTTTATATAATTCTACGTCTTTTAGCACCTTTAAGTGTTACGGCGTTTCACCTTCCAAGTTAATAGACTTGTGTTTTACCTCAGTTTACGCCGATACTTTCCTGATTAGATCCAGCGAGGTCAGACAGGTAGCTCCAGGGGAGACTGGAGTCATTGCTGACTATAATTATAAATTGCCTGATGATTTCACTGGTTGTGTTATCGCGTGGAATACAGCAAAGCAAGATACTGGTTCCTATTATTACAGATCCCATCGTAAGACTAAGCTAAAGCCTTTCGAAAGAGATTTATCATCTGATGAAAATGGTGTGTACACTCTGAGCACCTACGATTTTAATCCTAACGTGCCAGTGGCCTACCAAGCCACGAGGGTAGTCGTTCTGTCATTTGAGTTATTGAATGCACCCGCTACAGTATGTGGGCCCAAACTATCTACT,NITNLCPFDKVFNATRFPSVYAWERTKISDCVADYTVLYNSTSFSTFKCYGVSPSKLIDLCFTSVYADTFLIRSSEVRQVAPGETGVIADYNYKLPDDFTGCVIAWNTAKQDTGSYYYRSHRKTKLKPFERDLSSDENGVYTLSTYDFNPNVPVAYQATRVVVLSFELLNAPATVCGPKLST,NITNLCPFDKVFNATRFPSVYAWERTKISDCVADYTVLYNST-SFSTFKCYGVSPSKLIDLCFTSVYADTFLIRSSEVRQVAPGETGVIADYNYKLPDDFTGCVIAWNTAKQDTGS-----YYYRSHRKTKLKPFERDLSSDE--------------NGVYTLSTYDFNPNVPVAYQATRVVVLSFELLNAPATVCGPKLST,ggagggtcggctagccatatg,ctcgaggggggcggttccga
17,AncClade2_tree2,twist,,F,,,,,,,AACATTACAAACTTATGTCCATTTGACAAAGTATTCAACGCAACGAGGTTTCCCTCCGTTTACGCGTGGGAAAGAACAAAGATTTCTGATTGTGTAGCCGATTACACAGTACTGTATAACTCCACTAGTTTCTCCACCTTCAAGTGCTACGGAGTCTCTCCTTCTAAGTTAATAGATCTATGCTTTACCTCTGTGTACGCTGACACATTCTTAATTAGGTCATCAGAAGTTAGACAGGTCGCACCCGGCGAAACTGGTGTTATTGCGGACTATAATTATAAATTGCCAGACGATTTTACAGGTTGCGTCATAGCATGGAATACTGCCAAACAGGACACGGGCTCTTACTTCTACAGGTCTCATAGGAAAACTAAATTGAAACCTTTTGAGAGAGATCTAAGCAGTGATGAGGGTAATGGAGTTTATACTCTATCAACCTACGATTTCAATCCCAACGTTCCCGTTGCCTATCAAGCCACAAGAGTGGTAGTTTTGTCTTTTGAATTATTGAATGCCCCTGCTACAGTGTGCGGTCCCAAGTTGTCAACT,NITNLCPFDKVFNATRFPSVYAWERTKISDCVADYTVLYNSTSFSTFKCYGVSPSKLIDLCFTSVYADTFLIRSSEVRQVAPGETGVIADYNYKLPDDFTGCVIAWNTAKQDTGSYFYRSHRKTKLKPFERDLSSDEGNGVYTLSTYDFNPNVPVAYQATRVVVLSFELLNAPATVCGPKLST,NITNLCPFDKVFNATRFPSVYAWERTKISDCVADYTVLYNST-SFSTFKCYGVSPSKLIDLCFTSVYADTFLIRSSEVRQVAPGETGVIADYNYKLPDDFTGCVIAWNTAKQDTGS-----YFYRSHRKTKLKPFERDLSSDEG-------------NGVYTLSTYDFNPNVPVAYQATRVVVLSFELLNAPATVCGPKLST,ggagggtcggctagccatatg,ctcgaggggggcggttccga
18,AncSARS2a_MAP,genscript,,T,L125,F156,Q163,S164,H168,T171,AATATAACCAATCTTTGCCCCTTTGGCGAAGTCTTCAACGCAACAACATTTGCGTCTGTATACGCATGGAACCGTAAGAGGATCTCTAATTGCGTCGCGGACTATTCCGTACTATATAATTCGACCTCTTTCAGTACTTTCAAATGCTATGGAGTTTCACCAACTAAACTAAATGACCTATGCTTCACTAACGTTTACGCTGATAGTTTCGTAGTTAAGGGTGACGAAGTCAGACAGATTGCCCCTGGCCAAACCGGAGTCATTGCCGATTACAATTATAAGTTGCCCGATGATTTTACCGGTTGCGTGATTGCTTGGAACTCCAATAACTTGGATTCAAAGACGGGCGGAAATTATAACTACCTATATAGGCTATTCCGTAAGTCTAAGTTGAAGCCATTTGAAAGAGACATCAGTACTGAAATCTACCAAGCAGGTAGCACTCCATGCAACGGAGTTGAGGGTTTTAACTGCTACTACCCATTGCAATCCTATGGATTTCATCCTACTACTGGAGTTGGATACCAGCCCTATAGGGTCGTAGTTTTATCCTTCGAATTATTAAATGCTCCCGCAACCGTTTGCGGTCCAAAGCTAAGTACA,NITNLCPFGEVFNATTFASVYAWNRKRISNCVADYSVLYNSTSFSTFKCYGVSPTKLNDLCFTNVYADSFVVKGDEVRQIAPGQTGVIADYNYKLPDDFTGCVIAWNSNNLDSKTGGNYNYLYRLFRKSKLKPFERDISTEIYQAGSTPCNGVEGFNCYYPLQSYGFHPTTGVGYQPYRVVVLSFELLNAPATVCGPKLST,NITNLCPFGEVFNATTFASVYAWNRKRISNCVADYSVLYNST-SFSTFKCYGVSPTKLNDLCFTNVYADSFVVKGDEVRQIAPGQTGVIADYNYKLPDDFTGCVIAWNSNNLDSKTGGNYNYLYRLFRKSKLKPFERDISTEIYQAGSTPCNGVEGFNCYYPLQSYGFHPTTGVGYQPYRVVVLSFELLNAPATVCGPKLST,ggagggtcggctagccatatg,ctcgaggggggcggttccga
19,AncSARS2a_altALL,twist,,F,,,,,,,AACATTACTAATCTGTGTCCTTTTGGTGAAGTCTTTAACGCTACTACCTTTGCATCCGTGTACGCTTGGAATAGAAAGAGAATATCTAATTGTGTGGCCGATTATTCCGTTCTTTATAATTCAACCTCATTCTCTACATTTAAATGCTACGGCGTCTCTCCGACCAAACTGAATGATTTATGCTTCACCAATGTTTATGCTGATTCTTTTGTTGTTAAAGGTGACGAAGTACGTCAAATTGCTCCGGGACAGACGGGTGTTATAGCCGATTATAATTATAAGTTGCCTGACGATTTTACAGGCTGTGTAATTGCTTGGAACTCCAACAACCTAGATTCTAGCACGGGAGGCAATTATAATTATTTGTATAGGTTATTTAGGAAATCAAAGTTGAAACCTTTCGAGAGAGACATCTCTACCGAGATCTACCAAGCCGGGAGCACACCATGCAATGGTGTTGTTGGGTTAAATTGTTATTACCCTTTACAGTCTTACGGCTTTCATCCAACCAACGGTGTTGGATACCAGCCCTATAGAGTTGTCGTGCTTTCATTCGAACTGTTGAACGCTCCAGCTACTGTCTGTGGTCCAAAACTAAGCACC,NITNLCPFGEVFNATTFASVYAWNRKRISNCVADYSVLYNSTSFSTFKCYGVSPTKLNDLCFTNVYADSFVVKGDEVRQIAPGQTGVIADYNYKLPDDFTGCVIAWNSNNLDSSTGGNYNYLYRLFRKSKLKPFERDISTEIYQAGSTPCNGVVGLNCYYPLQSYGFHPTNGVGYQPYRVVVLSFELLNAPATVCGPKLST,NITNLCPFGEVFNATTFASVYAWNRKRISNCVADYSVLYNST-SFSTFKCYGVSPTKLNDLCFTNVYADSFVVKGDEVRQIAPGQTGVIADYNYKLPDDFTGCVIAWNSNNLDSSTGGNYNYLYRLFRKSKLKPFERDISTEIYQAGSTPCNGVVGLNCYYPLQSYGFHPTNGVGYQPYRVVVLSFELLNAPATVCGPKLST,ggagggtcggctagccatatg,ctcgaggggggcggttccga
20,AncSARS2c_MAP,genscript,,T,L125,F156,Q163,S164,H168,N171,AACATAACAAATTTATGCCCATTCGGCGAGGTCTTCAACGCTACTACTTTTGCGAGTGTCTATGCTTGGAACCGTAAACGTATATCCAATTGCGTAGCCGACTACTCCGTCTTATATAATTCTACTTCCTTTTCGACTTTTAAATGCTATGGGGTTAGCCCAACTAAACTAAATGATCTTTGCTTTACCAACGTATATGCGGATTCTTTCGTCATTCGTGGAGACGAAGTCAGGCAAATAGCACCAGGCCAGACAGGCAAGATCGCTGATTACAACTATAAATTACCTGATGACTTTACTGGCTGCGTAATTGCTTGGAACTCTAACAACTTAGACTCGAAGGTTGGTGGCAATTATAATTATCTATACAGGCTTTTCCGTAAATCTAACTTGAAACCGTTTGAGAGAGATATTTCAACCGAAATTTATCAAGCTGGCTCTACTCCATGCAATGGGGTCGAGGGCTTCAACTGCTATTTCCCATTGCAATCTTATGGTTTCCATCCTACAAACGGAGTCGGCTATCAACCATACAGAGTGGTAGTCCTATCATTTGAATTACTGAATGCACCTGCAACCGTTTGTGGTCCTAAGAAATCCACA,NITNLCPFGEVFNATTFASVYAWNRKRISNCVADYSVLYNSTSFSTFKCYGVSPTKLNDLCFTNVYADSFVIRGDEVRQIAPGQTGKIADYNYKLPDDFTGCVIAWNSNNLDSKVGGNYNYLYRLFRKSNLKPFERDISTEIYQAGSTPCNGVEGFNCYFPLQSYGFHPTNGVGYQPYRVVVLSFELLNAPATVCGPKKST,NITNLCPFGEVFNATTFASVYAWNRKRISNCVADYSVLYNST-SFSTFKCYGVSPTKLNDLCFTNVYADSFVIRGDEVRQIAPGQTGKIADYNYKLPDDFTGCVIAWNSNNLDSKVGGNYNYLYRLFRKSNLKPFERDISTEIYQAGSTPCNGVEGFNCYFPLQSYGFHPTNGVGYQPYRVVVLSFELLNAPATVCGPKKST,ggagggtcggctagccatatg,ctcgaggggggcggttccga
21,AncSARS1a_MAP,genscript,,T,S125,F155,N162,S163,F167,N170,AACATAACTAACTTGTGTCCTTTCGGGGAAGTGTTTAATGCTACTACCTTTCCATCTGTCTATGCATGGGAACGTAAACGTATCTCAAATTGTGTAGCTGACTATTCTGTTCTATACAACTCAACTTCATTTAGCACATTTAAATGTTATGGAGTCTCTGCCACAAAGTTGAATGACCTTTGCTTCTCCAATGTCTACGCCGATTCGTTCGTAGTTAAGGGAGATGATGTTAGACAGATTGCTCCTGGTCAAACAGGCGTGATAGCTGATTATAACTATAAATTACCTGATGACTTTATGGGATGTGTCTTGGCTTGGAATACAAATAATCTTGATAGTTCGTCTTCGGGGAATTACAACTATTTATACAGGTCTTTAAGACATTCTAAATTGAAGCCATTTGAGCGTGATATTTCCAATGATATATATTCACCTGGAGGTCAACCCTGTTCTGCTGTTGGTTTTAACTGCTACTATCCCTTAAATAGTTATGGATTCTTCACAACCAACGGGGTCGGATATCAACCATATAGAGTCGTAGTTCTAAGTTTTGAATTGTTAAATGCTCCGGCGACCGTTTGTGGTCCTAAGCTAAGTACT,NITNLCPFGEVFNATTFPSVYAWERKRISNCVADYSVLYNSTSFSTFKCYGVSATKLNDLCFSNVYADSFVVKGDDVRQIAPGQTGVIADYNYKLPDDFMGCVLAWNTNNLDSSSSGNYNYLYRSLRHSKLKPFERDISNDIYSPGGQPCSAVGFNCYYPLNSYGFFTTNGVGYQPYRVVVLSFELLNAPATVCGPKLST,NITNLCPFGEVFNATTFPSVYAWERKRISNCVADYSVLYNST-SFSTFKCYGVSATKLNDLCFSNVYADSFVVKGDDVRQIAPGQTGVIADYNYKLPDDFMGCVLAWNTNNLDSSSSGNYNYLYRSLRHSKLKPFERDISNDIYSPGGQPCS-AVGFNCYYPLNSYGFFTTNGVGYQPYRVVVLSFELLNAPATVCGPKLST,ggagggtcggctagccatatg,ctcgaggggggcggttccga
22,AncSARS1a_altALL,twist,,F,,,,,,,AACATAACGAATTTATGTCCCTTTGGGGAGGTTTTCAATGCTACAACTTTCCCATCAGTCTACGCGTGGGAGAGAAAGAGAATTAGTAATTGTGTTGCCGACTATTCAGTGTTATATAATTCTACAAGTTTCTCTACATTTAAATGCTACGGAGTCAGTGCAACTAAGCTTAATGACTTGTGTTTCTCAAACGTCTACGCTGATTCTTTTGTCGTGAAGGGCGATGACGTCCGTCAGATCGCACCTGGCCAAACAGGTGTTATTGCAGATTATAATTACAAGCTTCCCGATGACTTCATGGGTTGTGTTCTAGCCTGGAACACTAACTCCATCGATTCTTCTACTTCAGGGAACTATAACTATCTTTATAGATTATTTAGAAGATCTAAATTAAAACCATTTGAAAGAGACATTTCTAATGAGATATATTCTCCCGGCGGCAAACCGTGTTCAGTTGAGGGACTAAATTGCTACTATCCTCTTAGGTCTTACGGCTTCTATACTACTACAGGTGTTGGGTACCAGCCATATAGAGTTGTGGTATTATCCTTTGAGTTATTGAACGCCCCAGCAACGGTTTGCGGTCCCAAGTTGTCAACT,NITNLCPFGEVFNATTFPSVYAWERKRISNCVADYSVLYNSTSFSTFKCYGVSATKLNDLCFSNVYADSFVVKGDDVRQIAPGQTGVIADYNYKLPDDFMGCVLAWNTNSIDSSTSGNYNYLYRLFRRSKLKPFERDISNEIYSPGGKPCSVEGLNCYYPLRSYGFYTTTGVGYQPYRVVVLSFELLNAPATVCGPKLST,NITNLCPFGEVFNATTFPSVYAWERKRISNCVADYSVLYNST-SFSTFKCYGVSATKLNDLCFSNVYADSFVVKGDDVRQIAPGQTGVIADYNYKLPDDFMGCVLAWNTNSIDSSTSGNYNYLYRLFRRSKLKPFERDISNEIYSPGGKPCS-VEGLNCYYPLRSYGFYTTTGVGYQPYRVVVLSFELLNAPATVCGPKLST,ggagggtcggctagccatatg,ctcgaggggggcggttccga
23,AncSARS1a_tree1,twist,,F,,,,,,,AATATTACAAATTTATGCCCATTCGGCGAGGTGTTTAACGCTACCACCTTTCCTAGTGTGTATGCCTGGGAGAGAAAGAGAATTTCCAATTGCGTTGCAGACTACAGCGTTCTATACAATTCCACATCATTTAGTACTTTCAAATGTTATGGTGTTAGCGCAACAAAATTAAATGACTTGTGCTTTTCTAATGTCTACGCAGATAGCTTCGTAGTCAAGGGCGATGATGTTAGACAAATTGCACCCGGACAGACAGGCGTCATTGCTGATTACAATTATAAACTGCCTGACGATTTCATGGGTTGTGTTTTGGCTTGGAACACAAATAGTTTAGACTCTTCCTCTTCCGGCAACTATAATTACCTTTACAGAAGTTTCCGTCACTCAAAATTGAAGCCCTTTGAAAGAGACATTAGCAATGTTATTTACAGTCCTGGTGGTCAACCATGCAGCGCAGTGGGGTTCAATTGCTACTACCCATTGAGAAGCTACGGTTTCTTTACCACTACTGGTGTAGGCTACCAACCATACAGAGTCGTGGTCTTATCCTTTGAACTGTTGAACGCTCCCGCAACTGTTTGTGGCCCGAAGCTTAGTACC,NITNLCPFGEVFNATTFPSVYAWERKRISNCVADYSVLYNSTSFSTFKCYGVSATKLNDLCFSNVYADSFVVKGDDVRQIAPGQTGVIADYNYKLPDDFMGCVLAWNTNSLDSSSSGNYNYLYRSFRHSKLKPFERDISNVIYSPGGQPCSAVGFNCYYPLRSYGFFTTTGVGYQPYRVVVLSFELLNAPATVCGPKLST,NITNLCPFGEVFNATTFPSVYAWERKRISNCVADYSVLYNST-SFSTFKCYGVSATKLNDLCFSNVYADSFVVKGDDVRQIAPGQTGVIADYNYKLPDDFMGCVLAWNTNSLDSSSSGNYNYLYRSFRHSKLKPFERDISNVIYSPGGQPCS-AVGFNCYYPLRSYGFFTTTGVGYQPYRVVVLSFELLNAPATVCGPKLST,ggagggtcggctagccatatg,ctcgaggggggcggttccga
24,AncSARS1a_tree2,twist,,F,,,,,,,AATATTACCAACTTGTGCCCGTTTGGCGAAGTTTTCAATGCAACTACCTTCCCGTCTGTTTACGCTTGGGAAAGGAAGCGTATTAGTAACTGTGTTGCGGATTATTCAGTCTTATACAACTCCACTAGCTTCTCCACTTTTAAGTGTTATGGTGTTTCAGCCACTAAGTTAAATGACCTATGCTTTTCCAACGTGTACGCCGATTCTTTCGTCGTAAAGGGTGATGATGTCAGACAGATAGCACCGGGTCAAACTGGTGTAATTGCTGACTATAATTATAAACTACCAGATGATTTTATGGGGTGTGTTTTAGCCTGGAATACAAATAATTTAGACAGTTCTAGTAGCGGGAATTACAACTATCTTTATCGTTCCCTGAGACATTCTAAATTGAAACCCTTCGAAAGGGATATTTCTAACGAGATTTACAGCCCAGGAGGCCAGCCGTGCTCCGCAGTAGGTTTTAACTGTTATTACCCGCTGAGAAGTTATGGTTTCTTCACAACGAATGGCGTTGGCTATCAACCATATCGTGTTGTCGTTTTGAGTTTTGAATTACTGAATGCGCCGGCTACCGTATGCGGTCCAAAATTGTCAACT,NITNLCPFGEVFNATTFPSVYAWERKRISNCVADYSVLYNSTSFSTFKCYGVSATKLNDLCFSNVYADSFVVKGDDVRQIAPGQTGVIADYNYKLPDDFMGCVLAWNTNNLDSSSSGNYNYLYRSLRHSKLKPFERDISNEIYSPGGQPCSAVGFNCYYPLRSYGFFTTNGVGYQPYRVVVLSFELLNAPATVCGPKLST,NITNLCPFGEVFNATTFPSVYAWERKRISNCVADYSVLYNST-SFSTFKCYGVSATKLNDLCFSNVYADSFVVKGDDVRQIAPGQTGVIADYNYKLPDDFMGCVLAWNTNNLDSSSSGNYNYLYRSLRHSKLKPFERDISNEIYSPGGQPCS-AVGFNCYYPLRSYGFFTTNGVGYQPYRVVVLSFELLNAPATVCGPKLST,ggagggtcggctagccatatg,ctcgaggggggcggttccga
25,AncSARS1c_MAP,twist,AncSARS1d_MAP,F,,,,,,,AATATAACTAACTTGTGTCCTTTTGGAGAGGTTTTCAATGCTACAACCTTTCCTTCTGTTTACGCATGGGAAAGAAAGCGTATATCCAATTGTGTGGCGGACTACTCCGTCTTGTATAACTCAACGTCCTTTTCAACATTTAAATGTTACGGAGTAAGTGCCACTAAATTGAACGACCTTTGTTTTAGCAATGTTTATGCTGATTCTTTTGTAGTAAAGGGCGATGACGTAAGACAAATCGCTCCGGGACAAACAGGGGTTATAGCTGATTATAATTATAAGCTGCCAGATGATTTCATGGGTTGCGTCCTAGCCTGGAATACAAGAAATATAGATGCTACATCCACCGGAAACTATAACTACAAATATAGAAGTCTTAGGCATGGGAAATTGAGACCCTTCGAGAGGGACATTTCAAATGTGCCATTCTCACCGGATGGTAAGCCCTGTACGCCACCGGCTTTTAACTGTTACTGGCCTTTAAATGACTATGGTTTCTACACTACCAACGGTATTGGATATCAACCATATAGAGTTGTCGTTCTTTCATTCGAATTATTGAACGCACCTGCTACGGTATGCGGTCCTAAATTATCAACA,NITNLCPFGEVFNATTFPSVYAWERKRISNCVADYSVLYNSTSFSTFKCYGVSATKLNDLCFSNVYADSFVVKGDDVRQIAPGQTGVIADYNYKLPDDFMGCVLAWNTRNIDATSTGNYNYKYRSLRHGKLRPFERDISNVPFSPDGKPCTPPAFNCYWPLNDYGFYTTNGIGYQPYRVVVLSFELLNAPATVCGPKLST,NITNLCPFGEVFNATTFPSVYAWERKRISNCVADYSVLYNST-SFSTFKCYGVSATKLNDLCFSNVYADSFVVKGDDVRQIAPGQTGVIADYNYKLPDDFMGCVLAWNTRNIDATSTGNYNYKYRSLRHGKLRPFERDISNVPFSPDGKPCT-PPAFNCYWPLNDYGFYTTNGIGYQPYRVVVLSFELLNAPATVCGPKLST,ggagggtcggctagccatatg,ctcgaggggggcggttccga
26,AncSARS-CoV-1_MAP,twist,,F,,,,,,,AATATTACTAACTTATGTCCTTTTGGAGAAGTCTTTAATGCTACAAAGTTTCCCTCAGTTTATGCATGGGAAAGAAAGAGGATCTCTAATTGTGTTGCAGATTATTCTGTTTTGTACAATAGTACTAGTTTCTCCACCTTCAAATGTTACGGAGTGTCAGCTACGAAGTTAAATGATCTATGTTTCTCAAATGTCTATGCGGATTCATTTGTAGTCAAGGGTGACGACGTTAGACAAATCGCACCTGGACAGACAGGTGTAATTGCAGACTACAATTATAAGTTACCAGACGATTTCATGGGTTGTGTTCTTGCATGGAATACCCGTAATATCGATGCAACTAGTACAGGTAATTATAATTACAAATACAGGTACCTTCGTCATGGTAAATTGAGACCATTCGAGAGAGATATCTCTAATGTTCCATTTTCTCCCGACGGCAAGCCATGCACGCCTCCCGCCTTAAATTGTTATTGGCCATTGAATGATTATGGATTTTACACTACTTCCGGCATCGGCTATCAACCTTACAGGGTAGTGGTCTTGAGTTTTGAATTGTTAAACGCTCCAGCTACAGTATGCGGACCAAAATTATCCACC,NITNLCPFGEVFNATKFPSVYAWERKRISNCVADYSVLYNSTSFSTFKCYGVSATKLNDLCFSNVYADSFVVKGDDVRQIAPGQTGVIADYNYKLPDDFMGCVLAWNTRNIDATSTGNYNYKYRYLRHGKLRPFERDISNVPFSPDGKPCTPPALNCYWPLNDYGFYTTSGIGYQPYRVVVLSFELLNAPATVCGPKLST,NITNLCPFGEVFNATKFPSVYAWERKRISNCVADYSVLYNST-SFSTFKCYGVSATKLNDLCFSNVYADSFVVKGDDVRQIAPGQTGVIADYNYKLPDDFMGCVLAWNTRNIDATSTGNYNYKYRYLRHGKLRPFERDISNVPFSPDGKPCT-PPALNCYWPLNDYGFYTTSGIGYQPYRVVVLSFELLNAPATVCGPKLST,ggagggtcggctagccatatg,ctcgaggggggcggttccga
27,AncSARS-CoV-1_altALL,twist,,F,,,,,,,AATATAACAAATCTTTGTCCATTTGGTGAGGTTTTCAACGCGACCAAGTTCCCAAGTGTATACGCATGGGAAAGAAAGAGGATCTCAAACTGTGTTGCAGATTACTCCGTCCTGTATAACTCAACATCTTTCTCTACCTTTAAATGTTACGGCGTAAGCGCTACAAAATTAAATGATCTTTGCTTCTCTAATGTTTACGCTGATTCATTCGTAGTTAAGGGTGATGACGTTAGACAGATTGCCCCTGGACAAACTGGAGTGATAGCAGATTATAACTATAAACTGCCAGATGATTTTATGGGTTGCGTTCTAGCGTGGAATACTAGAAATATTGATGCAACATCTACTGGTAACTACAATTATAAATATAGATATTTGAGACATGGGAAGTTGAGACCATTTGAACGTGACATCTCTAATGTCCCCTTCTCACCCGACGGAAAACCGTGTACGCCACCGGCTTTGAATTGCTACTGGCCACTGAATGACTATGGCTTCTACACTACCACAGGTATCGGATATCAACCTTACAGAGTTGTTGTTCTGAGTTTTGAACTATTGAATGCTCCTGCTACCGTTTGCGGTCCGAAACTATCCACA,NITNLCPFGEVFNATKFPSVYAWERKRISNCVADYSVLYNSTSFSTFKCYGVSATKLNDLCFSNVYADSFVVKGDDVRQIAPGQTGVIADYNYKLPDDFMGCVLAWNTRNIDATSTGNYNYKYRYLRHGKLRPFERDISNVPFSPDGKPCTPPALNCYWPLNDYGFYTTTGIGYQPYRVVVLSFELLNAPATVCGPKLST,NITNLCPFGEVFNATKFPSVYAWERKRISNCVADYSVLYNST-SFSTFKCYGVSATKLNDLCFSNVYADSFVVKGDDVRQIAPGQTGVIADYNYKLPDDFMGCVLAWNTRNIDATSTGNYNYKYRYLRHGKLRPFERDISNVPFSPDGKPCT-PPALNCYWPLNDYGFYTTTGIGYQPYRVVVLSFELLNAPATVCGPKLST,ggagggtcggctagccatatg,ctcgaggggggcggttccga
28,SARS-CoV-2_MN908947,2649/genscript,,T,L125,F156,Q163,S164,Q168,N171,AACATTACAAATTTATGCCCCTTCGGCGAGGTCTTCAATGCCACAAGGTTTGCGAGCGTTTACGCGTGGAACAGGAAACGTATTTCTAACTGCGTAGCAGATTACAGCGTTCTATATAATTCTGCTTCCTTCTCTACCTTTAAATGCTATGGAGTGTCACCGACGAAACTAAATGATCTATGCTTCACCAACGTTTATGCGGATTCCTTTGTCATTAGAGGAGACGAGGTCAGACAAATTGCACCTGGGCAGACAGGCAAGATTGCGGATTACAACTATAAGTTGCCTGATGATTTTACTGGTTGCGTAATAGCATGGAACTCAAATAACTTGGATAGTAAAGTTGGAGGCAACTATAATTATCTGTATAGGCTGTTTAGAAAGAGCAACTTGAAACCATTTGAGAGAGATATTTCCACCGAAATATATCAAGCAGGTTCTACCCCATGCAACGGGGTTGAGGGTTTCAATTGCTATTTCCCATTGCAATCTTATGGCTTTCAACCTACTAACGGAGTCGGTTATCAACCCTACAGGGTAGTCGTCTTGAGCTTCGAACTTTTACATGCTCCGGCCACCGTTTGTGGCCCTAAGAAGTCCACC,NITNLCPFGEVFNATRFASVYAWNRKRISNCVADYSVLYNSASFSTFKCYGVSPTKLNDLCFTNVYADSFVIRGDEVRQIAPGQTGKIADYNYKLPDDFTGCVIAWNSNNLDSKVGGNYNYLYRLFRKSNLKPFERDISTEIYQAGSTPCNGVEGFNCYFPLQSYGFQPTNGVGYQPYRVVVLSFELLHAPATVCGPKKST,NITNLCPFGEVFNATRFASVYAWNRKRISNCVADYSVLYNSA-SFSTFKCYGVSPTKLNDLCFTNVYADSFVIRGDEVRQIAPGQTGKIADYNYKLPDDFTGCVIAWNSNNLDSKVGGNYNYLYRLFRKSNLKPFERDISTEIYQAGSTPCNGVEGFNCYFPLQSYGFQPTNGVGYQPYRVVVLSFELLHAPATVCGPKKST,ggagggtcggctagccatatg,ctcgaggggggcggttccga
29,Pangolin_GD-consensus_Lam2020,genscript,AncSARS2b_MAP,T,L125,F156,Q163,S164,H168,N171,AACATCACTAATTTATGCCCATTTGGCGAAGTATTTAATGCTACTACATTCGCTAGCGTATATGCCTGGAATCGTAAACGTATTTCAAATTGCGTCGCTGACTACTCCGTATTATACAATTCCACCTCATTCTCAACATTTAAATGCTATGGTGTCTCACCAACTAAACTTAATGATTTATGCTTTACTAACGTCTACGCTGATAGCTTCGTGGTTAGAGGTGACGAGGTCAGACAAATTGCACCTGGGCAAACTGGCAGAATAGCAGATTACAATTATAAATTACCTGATGATTTCACCGGTTGCGTAATTGCTTGGAACTCTAACAATCTAGACTCTAAGGTTGGAGGCAATTACAACTATCTATACCGTCTATTCAGGAAGTCAAACTTGAAACCATTTGAGAGGGATATCTCTACCGAAATATATCAGGCAGGATCCACACCATGCAATGGGGTCGAAGGATTTAATTGCTACTTTCCCCTTCAATCTTATGGTTTCCATCCCACAAATGGAGTCGGTTATCAACCTTATAGAGTAGTAGTCCTGAGCTTCGAACTATTGAACGCTCCCGCAACCGTTTGCGGTCCCAAACAATCAACT,NITNLCPFGEVFNATTFASVYAWNRKRISNCVADYSVLYNSTSFSTFKCYGVSPTKLNDLCFTNVYADSFVVRGDEVRQIAPGQTGRIADYNYKLPDDFTGCVIAWNSNNLDSKVGGNYNYLYRLFRKSNLKPFERDISTEIYQAGSTPCNGVEGFNCYFPLQSYGFHPTNGVGYQPYRVVVLSFELLNAPATVCGPKQST,NITNLCPFGEVFNATTFASVYAWNRKRISNCVADYSVLYNST-SFSTFKCYGVSPTKLNDLCFTNVYADSFVVRGDEVRQIAPGQTGRIADYNYKLPDDFTGCVIAWNSNNLDSKVGGNYNYLYRLFRKSNLKPFERDISTEIYQAGSTPCNGVEGFNCYFPLQSYGFHPTNGVGYQPYRVVVLSFELLNAPATVCGPKQST,ggagggtcggctagccatatg,ctcgaggggggcggttccga
30,RaTG13_MN996532,2686/genscript,,T,L125,L156,Y163,R164,Y168,D171,AATATAACCAATTTGTGCCCATTTGGCGAAGTCTTCAACGCTACTACCTTTGCTTCTGTATACGCCTGGAATCGTAAAAGGATTTCCAATTGCGTAGCCGATTATTCCGTCTTATATAATTCTACTTCCTTCTCCACATTCAAGTGCTATGGGGTTTCTCCTACTAAGTTGAACGACTTATGCTTTACAAACGTATATGCTGATTCATTCGTTATTACTGGAGACGAAGTTAGACAGATTGCACCTGGACAAACCGGCAAGATTGCTGATTACAATTACAAATTACCTGATGATTTTACTGGCTGTGTTATAGCATGGAACTCTAAACATATTGATGCCAAGGAAGGCGGTAACTTTAACTATTTATACAGGCTATTCAGAAAGGCAAACTTAAAGCCTTTCGAAAGGGATATATCTACGGAAATATATCAGGCAGGAAGCAAACCATGCAATGGGCAAACAGGACTTAATTGCTATTATCCACTATATAGATATGGATTTTACCCTACTGATGGGGTTGGACATCAACCATATAGGGTGGTAGTTCTTAGCTTCGAATTGCTAAATGCACCTGCTACCGTTTGTGGTCCCAAGAAAAGCACG,NITNLCPFGEVFNATTFASVYAWNRKRISNCVADYSVLYNSTSFSTFKCYGVSPTKLNDLCFTNVYADSFVITGDEVRQIAPGQTGKIADYNYKLPDDFTGCVIAWNSKHIDAKEGGNFNYLYRLFRKANLKPFERDISTEIYQAGSKPCNGQTGLNCYYPLYRYGFYPTDGVGHQPYRVVVLSFELLNAPATVCGPKKST,NITNLCPFGEVFNATTFASVYAWNRKRISNCVADYSVLYNST-SFSTFKCYGVSPTKLNDLCFTNVYADSFVITGDEVRQIAPGQTGKIADYNYKLPDDFTGCVIAWNSKHIDAKEGGNFNYLYRLFRKANLKPFERDISTEIYQAGSKPCNGQTGLNCYYPLYRYGFYPTDGVGHQPYRVVVLSFELLNAPATVCGPKKST,ggagggtcggctagccatatg,ctcgaggggggcggttccga
31,Pangolin_GX-P2V_EPI_ISL_410542,twist,,F,,,,,,,AATATTACCAATCTTTGTCCTTTTGGAGAAGTTTTCAATGCAAGTAAATTCGCCAGTGTTTATGCTTGGAATAGAAAGAGGATTAGTAACTGCGTTGCCGATTATTCTGTGTTGTACAACTCAACCTCTTTCTCTACCTTTAAGTGTTATGGTGTGTCCCCTACGAAACTAAACGATTTGTGTTTCACTAACGTATACGCAGACAGCTTTGTTGTTAAAGGAGACGAGGTAAGGCAAATCGCGCCGGGCCAAACTGGTGTCATAGCAGATTATAACTATAAGTTACCCGACGATTTCACCGGTTGTGTTATTGCATGGAATAGCGTTAAGCAGGATGCCTTGACTGGAGGTAACTACGGCTATTTGTACAGATTGTTTCGTAAAAGTAAATTGAAGCCGTTTGAAAGGGATATTTCAACGGAAATTTACCAGGCAGGCTCAACCCCGTGCAATGGCCAAGTCGGGTTGAACTGTTATTACCCTTTAGAGCGTTACGGGTTTCATCCGACCACAGGTGTTAATTATCAGCCATTCAGAGTAGTCGTGTTGTCATTTGAATTGTTAAATGGTCCAGCGACCGTGTGTGGGCCCAAACTATCCACC,NITNLCPFGEVFNASKFASVYAWNRKRISNCVADYSVLYNSTSFSTFKCYGVSPTKLNDLCFTNVYADSFVVKGDEVRQIAPGQTGVIADYNYKLPDDFTGCVIAWNSVKQDALTGGNYGYLYRLFRKSKLKPFERDISTEIYQAGSTPCNGQVGLNCYYPLERYGFHPTTGVNYQPFRVVVLSFELLNGPATVCGPKLST,NITNLCPFGEVFNASKFASVYAWNRKRISNCVADYSVLYNST-SFSTFKCYGVSPTKLNDLCFTNVYADSFVVKGDEVRQIAPGQTGVIADYNYKLPDDFTGCVIAWNSVKQDALTGGNYGYLYRLFRKSKLKPFERDISTEIYQAGSTPCNGQVGLNCYYPLERYGFHPTTGVNYQPFRVVVLSFELLNGPATVCGPKLST,ggagggtcggctagccatatg,ctcgaggggggcggttccga
32,SARS-CoV-1_Urbani_HP03L_AY278741,2693/genscript,AncSARS-CoV-1_02-03ML_MAP; AncSARS-CoV-1_02-03L; SARS-CoV-1_BJ02_HP03M_AY278487,T,Y125,L155,N162,D163,Y167,T170,AATATTACCAATCTATGTCCTTTTGGCGAAGTATTTAACGCTACTAAGTTCCCTTCCGTCTACGCTTGGGAACGTAAGAAGATCTCTAATTGTGTAGCAGATTACTCTGTTTTATACAATAGCACTTTCTTTTCCACATTTAAATGTTACGGAGTTAGCGCAACTAAATTGAACGATCTGTGCTTTTCAAACGTCTATGCCGACTCCTTCGTTGTCAAGGGAGACGATGTTAGGCAAATTGCTCCGGGGCAAACTGGGGTCATAGCTGATTACAATTATAAATTACCTGACGACTTCATGGGTTGTGTACTAGCATGGAATACTCGTAATATAGATGCCACATCTACTGGAAATTACAACTATAAGTATAGATACTTGAGACACGGCAAGCTAAGACCTTTTGAGAGAGATATTTCAAACGTGCCATTTTCCCCTGACGGAAAACCATGTACACCTCCAGCATTAAACTGTTATTGGCCATTGAACGACTATGGATTCTATACCACAACCGGCATAGGATATCAACCATATCGTGTTGTTGTATTGAGTTTTGAACTTTTAAATGCTCCGGCCACCGTTTGCGGTCCTAAGTTATCGACC,NITNLCPFGEVFNATKFPSVYAWERKKISNCVADYSVLYNSTFFSTFKCYGVSATKLNDLCFSNVYADSFVVKGDDVRQIAPGQTGVIADYNYKLPDDFMGCVLAWNTRNIDATSTGNYNYKYRYLRHGKLRPFERDISNVPFSPDGKPCTPPALNCYWPLNDYGFYTTTGIGYQPYRVVVLSFELLNAPATVCGPKLST,NITNLCPFGEVFNATKFPSVYAWERKKISNCVADYSVLYNST-FFSTFKCYGVSATKLNDLCFSNVYADSFVVKGDDVRQIAPGQTGVIADYNYKLPDDFMGCVLAWNTRNIDATSTGNYNYKYRYLRHGKLRPFERDISNVPFSPDGKPCT-PPALNCYWPLNDYGFYTTTGIGYQPYRVVVLSFELLNAPATVCGPKLST,ggagggtcggctagccatatg,ctcgaggggggcggttccga
33,SARS-CoV-1_HGZ8L1-A_HP03E_AY394981,twist,AncSARS-CoV-1_02-03EML_MAP,F,,,,,,,AACATCACCAATCTTTGTCCATTTGGTGAGGTATTCAATGCGACTAAATTTCCGTCTGTGTATGCCTGGGAACGTAAGAGAATCTCCAATTGTGTTGCAGATTACTCTGTGCTATATAATTCAACATTCTTCTCCACATTTAAATGCTATGGCGTGTCTGCCACCAAATTGAACGATTTATGCTTTAGCAATGTCTATGCTGACAGTTTTGTTGTCAAAGGCGACGACGTCAGGCAGATAGCACCCGGCCAAACAGGCGTCATTGCCGATTATAATTACAAACTGCCAGACGACTTTATGGGATGTGTACTGGCGTGGAATACGAGGAACATTGACGCTACTAGTACAGGAAACTACAACTATAAATACCGTTACTTAAGGCATGGTAAATTGAGACCATTTGAGAGAGACATATCTAACGTACCATTCAGCCCGGATGGCAAACCATGCACACCTCCAGCCTTGAACTGCTATTGGCCCCTGAATGATTATGGGTTTTACACTACTACAGGCATTGGTTATCAGCCATATAGAGTCGTTGTATTGAGTTTTGAATTACTAAACGCTCCAGCTACAGTCTGTGGTCCAAAATTATCTACA,NITNLCPFGEVFNATKFPSVYAWERKRISNCVADYSVLYNSTFFSTFKCYGVSATKLNDLCFSNVYADSFVVKGDDVRQIAPGQTGVIADYNYKLPDDFMGCVLAWNTRNIDATSTGNYNYKYRYLRHGKLRPFERDISNVPFSPDGKPCTPPALNCYWPLNDYGFYTTTGIGYQPYRVVVLSFELLNAPATVCGPKLST,NITNLCPFGEVFNATKFPSVYAWERKRISNCVADYSVLYNST-FFSTFKCYGVSATKLNDLCFSNVYADSFVVKGDDVRQIAPGQTGVIADYNYKLPDDFMGCVLAWNTRNIDATSTGNYNYKYRYLRHGKLRPFERDISNVPFSPDGKPCT-PPALNCYWPLNDYGFYTTTGIGYQPYRVVVLSFELLNAPATVCGPKLST,ggagggtcggctagccatatg,ctcgaggggggcggttccga
34,SARS-CoV-1_GD01_HP03L_AY278489,twist,,F,,,,,,,AATATTACAAACCTTTGTCCATTTGGAGAAGTATTTAATGCCACTAAATTCCCTTCAGTGTATGCTTGGGAAAGGAAAAGAATATCTAACTGCGTTGCAGATTATTCTGTTTTATACAATTCCACTTTCTTCTCCACATTTAAGTGTTATGGCGTAAGTGCTACCAAATTGAACGACCTATGCTTTAGCAACGTTTACGCAGATTCATTTGTTGTTAAGGGAGACGATGTTCGTCAAATAGCACCTGGGCAAACAGGTGTTATTGCTGATTACAATTATAAGCTGCCTGATGATTTTATGGGTTGTGTACTGGCCTGGAATACTAGAAATATCGATGCCACATCAACTGGGAATTATAATTACAAGTATCGTTATTTGAGACACGGTAAATTAAGACCCTTCGAAAGGGATATCTCTAACGTACCATTTAGTCCTGACGGTAAACCCTGTACGCCACCCGCACTAAATTGTTATTGGCCGTTAAATGATTACGGGTTTTATACAACAACCGGCATAGGTTACCAGCCGTATCGTGTTGTCGTTTTATCCTACGAACTACTGAACGCGCCGGCCACGGTCTGTGGTCCGAAGCTTAGCACC,NITNLCPFGEVFNATKFPSVYAWERKRISNCVADYSVLYNSTFFSTFKCYGVSATKLNDLCFSNVYADSFVVKGDDVRQIAPGQTGVIADYNYKLPDDFMGCVLAWNTRNIDATSTGNYNYKYRYLRHGKLRPFERDISNVPFSPDGKPCTPPALNCYWPLNDYGFYTTTGIGYQPYRVVVLSYELLNAPATVCGPKLST,NITNLCPFGEVFNATKFPSVYAWERKRISNCVADYSVLYNST-FFSTFKCYGVSATKLNDLCFSNVYADSFVVKGDDVRQIAPGQTGVIADYNYKLPDDFMGCVLAWNTRNIDATSTGNYNYKYRYLRHGKLRPFERDISNVPFSPDGKPCT-PPALNCYWPLNDYGFYTTTGIGYQPYRVVVLSYELLNAPATVCGPKLST,ggagggtcggctagccatatg,ctcgaggggggcggttccga
35,SARS-CoV-1_GZ-C_HP03L_AY394979,twist,,F,,,,,,,AATATTACTAACTTATGTCCATTTGGAGAGGTATTCAATGCTACTAAGTTTCCTTCTGTATACGCTTGGGAAAGGAAGAAAATCTCCAACTGTGTGGCGGATTACTCCGTTTTGTACAATTCTACTTTCTTCTCTACTTTTAAATGCTACGGTGTATCTGCCACCAAGCTAAATGATTTATGTTTTAGTAATGTCTACGCGGATTCTTTTGTGGTTAAAGGAGATGATGTAAGACAAATCGCTCCAGGTCAAACTGGGGTAATCGCAGACTACAATTACAAGTTGCCCGATGATTTTATGGGATGCGTATTAGCTTGGAACACTAGAAACATTGATGCAACTTCAACCGGAAATCATAATTATAAATATAGGTACCTGAGACATGGAAAGTTGCGTCCTTTCGAAAGAGATATTTCTAATGTTCCTTTCTCACCAGACGGAAAACCTTGTACTCCACCTGCCTTAAATTGTTATTGGCCATTGAACGATTACGGATTTTATACCACAACGGGAATTGGATATCAGCCTTACCGTGTAGTTGTTTTGTCTTTTGAACTTCTAAACGCCCCAGCAACTGTATGCGGGCCAAAATTGAGCACC,NITNLCPFGEVFNATKFPSVYAWERKKISNCVADYSVLYNSTFFSTFKCYGVSATKLNDLCFSNVYADSFVVKGDDVRQIAPGQTGVIADYNYKLPDDFMGCVLAWNTRNIDATSTGNHNYKYRYLRHGKLRPFERDISNVPFSPDGKPCTPPALNCYWPLNDYGFYTTTGIGYQPYRVVVLSFELLNAPATVCGPKLST,NITNLCPFGEVFNATKFPSVYAWERKKISNCVADYSVLYNST-FFSTFKCYGVSATKLNDLCFSNVYADSFVVKGDDVRQIAPGQTGVIADYNYKLPDDFMGCVLAWNTRNIDATSTGNHNYKYRYLRHGKLRPFERDISNVPFSPDGKPCT-PPALNCYWPLNDYGFYTTTGIGYQPYRVVVLSFELLNAPATVCGPKLST,ggagggtcggctagccatatg,ctcgaggggggcggttccga
36,SARS-CoV-1_Sino1-11_HP03L_AY485277,twist,,F,,,,,,,AACATTACTAATTTGTGTCCGTTCGGGGAAGTTTTCAATGCTACAAAATTCCCATCTGTGTACGCGTGGGAGAGAAAGAAGATAAGTAATTGTGTTGCTGACTACTCCGTTTTGTATAATAGTACATTCTTCTCAACCTTCAAATGTTATGGAGTTAGCGCAACGAAATTGAATGATCTGTGTTTTAGTAATGTGTATGCCGATAGCTTTGTTGTAAAGGGAGATGATGTACGTCAAATAGCTCCTGGGCAAACCGGAGTTATTGCTGATTACAACTATAAACTACCAGATGATTTTATGGGTTGTGTCTTAGCATGGAATACGCGTAATATCGATGCTACTAGCACCGGTAACTACAATTATAAATATCGTAGTCTGAGGCATGGTAAATTAAGACCTTTTGAAAGAGATATTTCTAACGTGCCATTTTCTCCCGATGGTAAACCTTGCACTCCACCAGCTTTAAACTGTTATTGGCCTTTAAATGACTACGGGTTCTACACAACCACCGGGATTGGCTATCAACCATATAGAGTTGTTGTTTTATCATTTGAATTATTAAATGCCCCTGCTACGGTTTGTGGTCCAAAATTGTCTACA,NITNLCPFGEVFNATKFPSVYAWERKKISNCVADYSVLYNSTFFSTFKCYGVSATKLNDLCFSNVYADSFVVKGDDVRQIAPGQTGVIADYNYKLPDDFMGCVLAWNTRNIDATSTGNYNYKYRSLRHGKLRPFERDISNVPFSPDGKPCTPPALNCYWPLNDYGFYTTTGIGYQPYRVVVLSFELLNAPATVCGPKLST,NITNLCPFGEVFNATKFPSVYAWERKKISNCVADYSVLYNST-FFSTFKCYGVSATKLNDLCFSNVYADSFVVKGDDVRQIAPGQTGVIADYNYKLPDDFMGCVLAWNTRNIDATSTGNYNYKYRSLRHGKLRPFERDISNVPFSPDGKPCT-PPALNCYWPLNDYGFYTTTGIGYQPYRVVVLSFELLNAPATVCGPKLST,ggagggtcggctagccatatg,ctcgaggggggcggttccga
37,SARS-CoV-1_Sin852_HP03L_AY559082,twist,,F,,,,,,,AACATTACAAATCTGTGCCCATTCGGAGAAGTATTCAACGCTACTAAATTCCCTTCTGTATACGCTTGGGAAAGAAAGAAGATAAGCAACTGCGTTGCTGATTATTTTGTCTTGTATAATTCAACGTTCTTTTCAACCTTTAAGTGTTATGGTGTTTCTGCCACCAAATTAAATGACCTGTGCTTCTCAAATGTTTACGCAGACAGCTTCGTGGTGAAGGGTGACGATGTTCGTCAAATAGCTCCTGGACAGACAGGTGTTATAGCGGACTATAACTATAAATTACCTGATGATTTTATGGGTTGCGTCCTAGCTTGGAATACTAGAAATATTGACGCAACGTCAACAGGTAACTACAACTATAAGTACAGATATTTAAGACATGGTAAGCTGCGTCCTTTTGAAAGAGACATTTCAAACGTCCCGTTCTCTCCAGACGGAAAACCCTGTACCCCTCCAGCCCTGAACTGTTATTGGCCACTGAACGACTATGGATTTTATACTACAACCGGCATTGGTTACCAACCTTATAGGGTTGTCGTCCTGTCTTTCGAACTGTTAAATGCTCCAGCTACGGTCTGTGGCCCTAAGTTGTCTACA,NITNLCPFGEVFNATKFPSVYAWERKKISNCVADYFVLYNSTFFSTFKCYGVSATKLNDLCFSNVYADSFVVKGDDVRQIAPGQTGVIADYNYKLPDDFMGCVLAWNTRNIDATSTGNYNYKYRYLRHGKLRPFERDISNVPFSPDGKPCTPPALNCYWPLNDYGFYTTTGIGYQPYRVVVLSFELLNAPATVCGPKLST,NITNLCPFGEVFNATKFPSVYAWERKKISNCVADYFVLYNST-FFSTFKCYGVSATKLNDLCFSNVYADSFVVKGDDVRQIAPGQTGVIADYNYKLPDDFMGCVLAWNTRNIDATSTGNYNYKYRYLRHGKLRPFERDISNVPFSPDGKPCT-PPALNCYWPLNDYGFYTTTGIGYQPYRVVVLSFELLNAPATVCGPKLST,ggagggtcggctagccatatg,ctcgaggggggcggttccga
38,SARS-CoV-1_SZ1_PC03_AY304489,twist,AncSARS-CoV-1_03-04_MAP; SARS-CoV-1_SZ3_PC03_AY304486; SARS-CoV-1_SZ13_PC03_AY304487,F,,,,,,,AATATTACGAACTTATGTCCCTTCGGCGAAGTGTTCAATGCAACGAAGTTTCCATCAGTCTATGCCTGGGAAAGAAAGAGAATCAGTAATTGCGTTGCCGATTACTCTGTTTTATATAACTCCACGTCCTTCTCCACGTTCAAGTGCTACGGTGTTTCTGCAACGAAGTTAAACGATCTGTGTTTTAGTAATGTGTATGCGGATAGTTTCGTGGTAAAAGGAGATGATGTAAGACAAATTGCACCTGGCCAGACAGGTGTAATTGCTGATTACAATTATAAATTGCCTGACGACTTCATGGGGTGTGTCCTAGCCTGGAACACCAGGAATATAGATGCTACATCAACCGGTAACTACAACTATAAATATAGATACTTAAGACACGGCAAATTGAGGCCATTCGAAAGAGATATTTCTAACGTTCCTTTTAGCCCTGACGGAAAACCATGCACACCTCCAGCTCTTAACTGCTACTGGCCATTGAAGGACTATGGGTTTTACACAACTTCAGGTATCGGATACCAACCCTACAGAGTTGTTGTTTTGAGTTTTGAGTTATTAAATGCACCGGCCACCGTCTGTGGTCCCAAATTATCTACT,NITNLCPFGEVFNATKFPSVYAWERKRISNCVADYSVLYNSTSFSTFKCYGVSATKLNDLCFSNVYADSFVVKGDDVRQIAPGQTGVIADYNYKLPDDFMGCVLAWNTRNIDATSTGNYNYKYRYLRHGKLRPFERDISNVPFSPDGKPCTPPALNCYWPLKDYGFYTTSGIGYQPYRVVVLSFELLNAPATVCGPKLST,NITNLCPFGEVFNATKFPSVYAWERKRISNCVADYSVLYNST-SFSTFKCYGVSATKLNDLCFSNVYADSFVVKGDDVRQIAPGQTGVIADYNYKLPDDFMGCVLAWNTRNIDATSTGNYNYKYRYLRHGKLRPFERDISNVPFSPDGKPCT-PPALNCYWPLKDYGFYTTSGIGYQPYRVVVLSFELLNAPATVCGPKLST,ggagggtcggctagccatatg,ctcgaggggggcggttccga
39,SARS-CoV-1_GD03T0013_HP04_AY525636,twist,,F,,,,,,,AACATCACTAATCTATGCCCCTTCGGTGAAGTCTTTAATGCTACCAAATTCCCTTCAGTGTACGCGTGGGAGCGTAAAAGGATTTCTAATTGTGTTGCAGATTATAGTGTTCTGTACAATAGCACGTCTTTCTCTACGTTTAAGTGTTACGGCGTGTCTGCCACGAAGTTAAACGATTTGTGTTTCAGTAACGTATACGCAGACTCTTTTGTGGTCAAGGGTGATGATGTACGTCAGATTGCTCCTGGTCAAACCGGGGTAATAGCCGATTATAATTACAAATTGCCCGACGATTTCATGGGATGTGTTCTTGCTTGGAACACGAGAAATATTGACGCAACTAGCACCGGGAATTATAACTATAAATACCGTTACCTGAGGCATGGCAAGTTAAGACCATTTGAGAGAGACATCTCTAATGTTCCATTCAGCCCAGATGGTAAACCATGTACACCACCTGCACCTAACTGTTACTGGCCGTTGAATGGTTATGGTTTCTATACAACCTCTGGTATCGGATATCAGCCTTATAGAGTTGTCGTCTTATCATTTGAACTGTTGAACGCTCCAGCAACAGTCTGTGGACCTAAACTGTCTACT,NITNLCPFGEVFNATKFPSVYAWERKRISNCVADYSVLYNSTSFSTFKCYGVSATKLNDLCFSNVYADSFVVKGDDVRQIAPGQTGVIADYNYKLPDDFMGCVLAWNTRNIDATSTGNYNYKYRYLRHGKLRPFERDISNVPFSPDGKPCTPPAPNCYWPLNGYGFYTTSGIGYQPYRVVVLSFELLNAPATVCGPKLST,NITNLCPFGEVFNATKFPSVYAWERKRISNCVADYSVLYNST-SFSTFKCYGVSATKLNDLCFSNVYADSFVVKGDDVRQIAPGQTGVIADYNYKLPDDFMGCVLAWNTRNIDATSTGNYNYKYRYLRHGKLRPFERDISNVPFSPDGKPCT-PPAPNCYWPLNGYGFYTTSGIGYQPYRVVVLSFELLNAPATVCGPKLST,ggagggtcggctagccatatg,ctcgaggggggcggttccga
40,SARS-CoV-1_GZ0402_HP04_AY613947,twist,AncSARS-CoV-1_04_human_MAP,F,,,,,,,AACATTACGAACTTGTGTCCATTTGGTGAAGTCTTTAATGCTACTAAATTCCCTTCCGTATACGCCTGGGAAAGAAAGAGGATTTCCAATTGCGTGGCCGACTACTCTGTATTATATAATTCTACTTCATTTAGTACTTTTAAATGCTACGGTGTGTCTGCAACGAAACTAAACGATTTATGTTTCTCAAATGTTTACGCCGACAGTTTTGTGGTCAAAGGGGATGACGTAAGGCAAATCGCTCCAGGGCAGACTGGCGTTATAGCTGATTATAACTATAAGTTACCGGATGACTTTATGGGTTGCGTATTAGCTTGGAACATTAGGAATATAGATGCAACTTCAACAGGGAATTACAATTATAAATATCGTTACCTTAGACATGGAAAGCTAAGACCATTTGAGAGGGATATCTCTAATGTTCCATTTTCCCCTGATGGTAAACCATGCACCCCTCCAGCTCCAAATTGTTACTGGCCGCTTAACGGCTATGGTTTCTATACTACTTCCGGGATCGGATACCAGCCTTACAGAGTTGTAGTCCTTTCATTCGAATTATTAAACGCACCCGCTACTGTGTGTGGCCCGAAGTTATCAACC,NITNLCPFGEVFNATKFPSVYAWERKRISNCVADYSVLYNSTSFSTFKCYGVSATKLNDLCFSNVYADSFVVKGDDVRQIAPGQTGVIADYNYKLPDDFMGCVLAWNIRNIDATSTGNYNYKYRYLRHGKLRPFERDISNVPFSPDGKPCTPPAPNCYWPLNGYGFYTTSGIGYQPYRVVVLSFELLNAPATVCGPKLST,NITNLCPFGEVFNATKFPSVYAWERKRISNCVADYSVLYNST-SFSTFKCYGVSATKLNDLCFSNVYADSFVVKGDDVRQIAPGQTGVIADYNYKLPDDFMGCVLAWNIRNIDATSTGNYNYKYRYLRHGKLRPFERDISNVPFSPDGKPCT-PPAPNCYWPLNGYGFYTTSGIGYQPYRVVVLSFELLNAPATVCGPKLST,ggagggtcggctagccatatg,ctcgaggggggcggttccga
41,SARS-CoV-1_PC4-127_PC04_AY613951,twist,,F,,,,,,,AATATTACGAATCTATGTCCATTTGGGGAAGTATTTAATGCAACAAAATTCCCAAGTGTGTATGCATGGGAAAGGAAGAGAATTTCTAATTGCGTTGCGGACTATTCAGTCCTATATAACAGTACTAGCTTTTCAACATTTAAGTGCTACGGTGTCTCAGCCACTAAGTTAAACGACCTATGTTTCTCTAATGTATACGCCGATTCTTTTGTAGTCAAAGGCGATGATGTACGTCAGATCGCACCAGGTCAAACTGGTGTTATTGCAGATTACAATTATAAGCTACCTGATGACTTTATGGGTTGCGTGTTAGCCTGGAATACTAGGAACATAGACGCAACCTCCACCGGTAATTATAATTATAAGTATAGATATTTGAGGCATGGTAAATTAAGACCATTTGAGCGTGATATATCTAACGTGCCCTTCTCACCCGATGGTAAACCATGTACCCCACCGGCTCCCAACTGCTACTGGCCTTTAAGAGGTTACGGGTTCTATACTACTAGCGGTATAGGTTACCAGCCTTACCGTGTAGTGGTACTTTCATTTGAGTTGCTTAATGCACCTGCTACAGTGTGTGGTCCTAAGCTGTCCACA,NITNLCPFGEVFNATKFPSVYAWERKRISNCVADYSVLYNSTSFSTFKCYGVSATKLNDLCFSNVYADSFVVKGDDVRQIAPGQTGVIADYNYKLPDDFMGCVLAWNTRNIDATSTGNYNYKYRYLRHGKLRPFERDISNVPFSPDGKPCTPPAPNCYWPLRGYGFYTTSGIGYQPYRVVVLSFELLNAPATVCGPKLST,NITNLCPFGEVFNATKFPSVYAWERKRISNCVADYSVLYNST-SFSTFKCYGVSATKLNDLCFSNVYADSFVVKGDDVRQIAPGQTGVIADYNYKLPDDFMGCVLAWNTRNIDATSTGNYNYKYRYLRHGKLRPFERDISNVPFSPDGKPCT-PPAPNCYWPLRGYGFYTTSGIGYQPYRVVVLSFELLNAPATVCGPKLST,ggagggtcggctagccatatg,ctcgaggggggcggttccga
42,SARS-CoV-1_PC4-137_PC04_AY627045,genscript,AncSARS-CoV-1_04_MAP; AncSARS-CoV-1_04_civet_MAP,T,Y125,P155,K162,G163,Y167,S170,AATATAACTAATTTGTGTCCTTTTGGCGAAGTCTTTAATGCAACTAAATTCCCATCTGTCTACGCTTGGGAGAGGAAGAGGATTTCTAATTGCGTAGCTGATTATTCTGTCTTGTATAATTCCACTTCATTTTCCACTTTTAAGTGTTACGGAGTCAGCGCCACCAAATTAAACGATTTGTGTTTCTCAAATGTTTATGCCGATAGTTTCGTAGTTAAAGGTGACGACGTTAGACAGATAGCTCCTGGGCAAACTGGCGTAATCGCCGATTACAATTACAAGTTACCAGATGATTTCATGGGATGCGTTTTAGCCTGGAACACTCGTAATATTGATGCTACAAGTACCGGCAATTATAACTACAAGTATAGATATTTGAGGCATGGGAAGCTAAGGCCCTTTGAAAGAGATATTTCTAACGTACCATTTTCACCTGATGGGAAGCCGTGTACTCCTCCTGCCCCAAATTGTTATTGGCCTCTAAAAGGCTACGGATTTTACACAACATCCGGTATCGGGTACCAACCATATAGAGTTGTAGTGTTATCCTTCGAGTTGTTAAACGCTCCTGCAACCGTCTGTGGTCCAAAGCTATCAACC,NITNLCPFGEVFNATKFPSVYAWERKRISNCVADYSVLYNSTSFSTFKCYGVSATKLNDLCFSNVYADSFVVKGDDVRQIAPGQTGVIADYNYKLPDDFMGCVLAWNTRNIDATSTGNYNYKYRYLRHGKLRPFERDISNVPFSPDGKPCTPPAPNCYWPLKGYGFYTTSGIGYQPYRVVVLSFELLNAPATVCGPKLST,NITNLCPFGEVFNATKFPSVYAWERKRISNCVADYSVLYNST-SFSTFKCYGVSATKLNDLCFSNVYADSFVVKGDDVRQIAPGQTGVIADYNYKLPDDFMGCVLAWNTRNIDATSTGNYNYKYRYLRHGKLRPFERDISNVPFSPDGKPCT-PPAPNCYWPLKGYGFYTTSGIGYQPYRVVVLSFELLNAPATVCGPKLST,ggagggtcggctagccatatg,ctcgaggggggcggttccga
43,SARS-CoV-1_PC4-13_PC04_AY613948,twist,,F,,,,,,,AATATTACTAACTTGTGTCCTTTCGGGGAGGTGTTCAACGCGACAAAATTCCCACCTGTGTACGCATGGGAGAGAAAGAGAATTTCTAATTGCGTCGCTGACTACAGCGTTTTATACAATTCCACTTCCTTTAGTACTTTTAAGTGCTATGGTGTTTCCGCAACTAAGCTGAACGACCTATGTTTCTCAAATGTATATGCGGATTCATTTGTTGTCAAGGGTGATGATGTTAGACAGATTGCCCCAGGTCAAACCGGAGTCATTGCCGATTATAACTATAAGTTACCCGATGATTTTATGGGTTGTGTTCTAGCTTGGAATACTCGTAACATAGACGCAACCTCTACTGGGAATTATAATTACAAATACCGTTATCTTAGACATGGTAAATTGAGACCATTTGAGAGAGATATATCAAACGTTCCATTCTCATCTGATGGTAAGCCTTGCACACCTCCTGCACCTAACTGTTATTGGCCTTTAAGAGGATATGGTTTCTATACGACCTCCGGTATAGGGTACCAACCATACAGAGTTGTTGTATTGTCTTTTGAGCTGTTGAATGCTCCCGCAACTGTGTGTGGCCCAAAGCTGTCTACC,NITNLCPFGEVFNATKFPPVYAWERKRISNCVADYSVLYNSTSFSTFKCYGVSATKLNDLCFSNVYADSFVVKGDDVRQIAPGQTGVIADYNYKLPDDFMGCVLAWNTRNIDATSTGNYNYKYRYLRHGKLRPFERDISNVPFSSDGKPCTPPAPNCYWPLRGYGFYTTSGIGYQPYRVVVLSFELLNAPATVCGPKLST,NITNLCPFGEVFNATKFPPVYAWERKRISNCVADYSVLYNST-SFSTFKCYGVSATKLNDLCFSNVYADSFVVKGDDVRQIAPGQTGVIADYNYKLPDDFMGCVLAWNTRNIDATSTGNYNYKYRYLRHGKLRPFERDISNVPFSSDGKPCT-PPAPNCYWPLRGYGFYTTSGIGYQPYRVVVLSFELLNAPATVCGPKLST,ggagggtcggctagccatatg,ctcgaggggggcggttccga
44,WIV1_KF367457,2694,WIV16_KT444582,F,,,,,,,AACATTACCAACTTATGCCCGTTCGGAGAGGTCTTTAACGCAACGACGTTTCCCTCAGTCTATGCATGGGAACGTAAGAGGATAAGCAATTGCGTGGCCGATTACTCCGTTCTATATAATTCCACTTCTTTCAGTACTTTCAAGTGTTACGGCGTCAGCGCAACCAAGTTAAATGACCTTTGCTTCAGTAACGTGTATGCGGACTCCTTTGTGGTTAAAGGTGACGACGTTCGTCAGATCGCACCGGGCCAAACAGGTGTTATTGCAGATTATAACTACAAGCTACCCGATGATTTCACTGGATGTGTTCTTGCGTGGAATACCAGGAACATAGACGCGACGCAAACGGGAAACTACAACTATAAGTATAGGTCTCTGAGGCACGGCAAACTACGTCCGTTTGAAAGAGACATCTCAAACGTGCCTTTCAGTCCCGACGGTAAGCCTTGCACTCCGCCCGCTTTCAACTGCTACTGGCCGTTAAACGATTATGGTTTCTACATAACAAATGGTATAGGTTACCAGCCATATCGTGTAGTCGTGCTATCATTCGAACTATTGAACGCACCTGCAACTGTCTGTGGACCTAAACTAAGTACG,NITNLCPFGEVFNATTFPSVYAWERKRISNCVADYSVLYNSTSFSTFKCYGVSATKLNDLCFSNVYADSFVVKGDDVRQIAPGQTGVIADYNYKLPDDFTGCVLAWNTRNIDATQTGNYNYKYRSLRHGKLRPFERDISNVPFSPDGKPCTPPAFNCYWPLNDYGFYITNGIGYQPYRVVVLSFELLNAPATVCGPKLST,NITNLCPFGEVFNATTFPSVYAWERKRISNCVADYSVLYNST-SFSTFKCYGVSATKLNDLCFSNVYADSFVVKGDDVRQIAPGQTGVIADYNYKLPDDFTGCVLAWNTRNIDATQTGNYNYKYRSLRHGKLRPFERDISNVPFSPDGKPCT-PPAFNCYWPLNDYGFYITNGIGYQPYRVVVLSFELLNAPATVCGPKLST,ggagggtcggctagccatatg,ctcgaggggggcggttccga
45,Rs7327_KY417151,genscript,AncSARS1b_MAP,T,S125,F155,N162,D163,F167,N170,AATATTACTAACTTATGCCCTTTTGGCGAAGTGTTCAATGCCACAACCTTTCCAAGTGTCTATGCTTGGGAGAGAAAGCGTATTTCTAACTGCGTAGCAGATTACTCTGTATTATACAATTCAACATCCTTTTCCACTTTTAAATGCTACGGAGTCTCTGCTACTAAGCTTAATGATTTATGTTTCTCTAATGTATATGCTGATAGCTTCGTAGTTAAGGGAGATGATGTCAGACAAATAGCACCTGGTCAAACTGGCGTGATAGCCGATTACAATTATAAATTGCCAGATGATTTTATGGGCTGTGTTCTAGCATGGAATACCCGTAATATCGATGCTACAAGTACTGGGAATTATAATTATAAGTACAGGTCTCTTAGACATGGAAAGCTAAGGCCATTTGAAAGAGACATTTCAAACGTCCCATTTTCACCTGACGGGAAACCGTGCACTCCGCCTGCATTTAACTGTTATTGGCCTTTGAATGATTATGGTTTCTTCACAACTAACGGCATTGGTTACCAGCCGTACCGTGTGGTAGTCTTAAGTTTCGAGTTATTGAATGCACCTGCAACTGTTTGTGGTCCTAAACTATCTACT,NITNLCPFGEVFNATTFPSVYAWERKRISNCVADYSVLYNSTSFSTFKCYGVSATKLNDLCFSNVYADSFVVKGDDVRQIAPGQTGVIADYNYKLPDDFMGCVLAWNTRNIDATSTGNYNYKYRSLRHGKLRPFERDISNVPFSPDGKPCTPPAFNCYWPLNDYGFFTTNGIGYQPYRVVVLSFELLNAPATVCGPKLST,NITNLCPFGEVFNATTFPSVYAWERKRISNCVADYSVLYNST-SFSTFKCYGVSATKLNDLCFSNVYADSFVVKGDDVRQIAPGQTGVIADYNYKLPDDFMGCVLAWNTRNIDATSTGNYNYKYRSLRHGKLRPFERDISNVPFSPDGKPCT-PPAFNCYWPLNDYGFFTTNGIGYQPYRVVVLSFELLNAPATVCGPKLST,ggagggtcggctagccatatg,ctcgaggggggcggttccga
46,LYRa11_KF569996,2695,,F,,,,,,,AACATAACGAATTTATGTCCTTTCGGCGAAGTGTTTAACGCTACCACGTTCCCGTCAGTCTATGCCTGGGAAAGGAAACGTATAAGCAACTGTGTGGCGGACTACAGCGTACTTTACAACAGTACATCTTTCTCTACATTCAAATGTTACGGCGTCTCCGCTATAAAGCTAAATGACCTTTGCTTCTCCAACGTATATGCAGATTCCTTCGTTGTTAAAGGCGACGACGTCCGTCAAATCGCGCCTGGTCAAACTGGCGTCATCGCGGATTATAATTACAAGTTGCCCGACGATTTCATGGGTTGTGTGCTTGCGTGGAATACGAGGAACATCGACGCTACCAGTTCAGGGAATTTCCACTACAAGTATAGATCACTGAGACATGGAAAGTTGAGACCCTTTGAGAGGGATATTTCAAACGTGCCATTCTCACCTGACGGAAAGCCATGCACGCCTCCCGCATTTAATTGTTACTGGCCGTTAAACGACTATGGCTTCTACACGACGAATGGGATAGGTTACCAGCCATATCGTGTTGTCGTATTGTCCTTCGAACTTCTAAATGCGCCCGCAACGGTATGTGGACCAAAGCTGAGTACA,NITNLCPFGEVFNATTFPSVYAWERKRISNCVADYSVLYNSTSFSTFKCYGVSAIKLNDLCFSNVYADSFVVKGDDVRQIAPGQTGVIADYNYKLPDDFMGCVLAWNTRNIDATSSGNFNYKYRSLRHGKLRPFERDISNVPFSPDGKPCTPPAFNCYWPLNDYGFYTTNGIGYQPYRVVVLSFELLNAPATVCGPKLST,NITNLCPFGEVFNATTFPSVYAWERKRISNCVADYSVLYNST-SFSTFKCYGVSAIKLNDLCFSNVYADSFVVKGDDVRQIAPGQTGVIADYNYKLPDDFMGCVLAWNTRNIDATSSGNFNYKYRSLRHGKLRPFERDISNVPFSPDGKPCT-PPAFNCYWPLNDYGFYTTNGIGYQPYRVVVLSFELLNAPATVCGPKLST,ggagggtcggctagccatatg,ctcgaggggggcggttccga
47,Rs4231_KY417146,twist,,F,,,,,,,AATATTACTAATCTGTGTCCCTTCGGTGAAGTTTTCAATGCTACTACGTTCCCTTCTGTGTATGCTTGGGAACGTAAAAGAATTAGTAATTGCGTGGCAGATTATTCTGTTTTATACAATTCTACATCATTCTCCACCTTTAAGTGTTACGGTGTATCTGCCACTAAGTTGAATGATTTATGCTTCAGTAATGTCTATGCTGATTCATTTGTAGTAAAAGGAGACGACGTGAGACAGATAGCCCCTGGGCAGACAGGTGTTATTGCTGACTATAATTACAAGTTGCCAGATGACTTCCTAGGTTGTGTTCTGGCATGGAATACGAATAGCAAGGATTCTTCCACCTCTGGTAATTATAACTACTTGTATAGGTGGGTTAGACGTAGCAAATTGAATCCTTATGAACGTGACCTTTCCAATGATATTTATTCTCCAGGTGGACAGTCCTGTAGTGCTATTGGCCCCAACTGTTACAACCCATTAAGGCCATACGGGTTCTTTACAACTGCCGGGGTTGGTCATCAGCCTTATAGAGTTGTCGTTTTATCTTTCGAGTTATTAAATGCACCTGCAACCGTATGTGGTCCGAAATTGTCTACG,NITNLCPFGEVFNATTFPSVYAWERKRISNCVADYSVLYNSTSFSTFKCYGVSATKLNDLCFSNVYADSFVVKGDDVRQIAPGQTGVIADYNYKLPDDFLGCVLAWNTNSKDSSTSGNYNYLYRWVRRSKLNPYERDLSNDIYSPGGQSCSAIGPNCYNPLRPYGFFTTAGVGHQPYRVVVLSFELLNAPATVCGPKLST,NITNLCPFGEVFNATTFPSVYAWERKRISNCVADYSVLYNST-SFSTFKCYGVSATKLNDLCFSNVYADSFVVKGDDVRQIAPGQTGVIADYNYKLPDDFLGCVLAWNTNSKDSSTSGNYNYLYRWVRRSKLNPYERDLSNDIYSPGGQSCS-AIGPNCYNPLRPYGFFTTAGVGHQPYRVVVLSFELLNAPATVCGPKLST,ggagggtcggctagccatatg,ctcgaggggggcggttccga
48,RsSHC014_KC881005,twist,,F,,,,,,,AATATTACCAACCTATGTCCTTTCGGTGAAGTTTTCAATGCTACCACTTTTCCCAGTGTTTATGCTTGGGAACGTAAAAGGATTAGTAACTGTGTTGCAGATTATTCCGTTCTATATAACTCCACGTCATTTAGTACATTCAAGTGCTACGGTGTCAGCGCTACTAAGTTGAATGACTTGTGTTTCTCTAATGTTTATGCAGATTCCTTCGTTGTCAAAGGAGACGACGTTAGACAAATAGCTCCAGGCCAAACCGGGGTCATCGCGGACTATAACTATAAATTACCTGACGACTTCTTAGGATGCGTACTAGCTTGGAATACCAACTCTAAGGATTCCTCCACATCCGGGAACTATAATTATTTATATCGTTGGGTTAGAAGATCTAAGTTAAATCCTTATGAAAGAGACCTTAGTAACGACATATATTCTCCTGGCGGTCAGTCCTGTTCCGCTGTGGGTCCCAATTGTTACAACCCACTAAGACCTTATGGTTTCTTTACAACAGCCGGGGTTGGCCACCAACCATACAGAGTTGTGGTTCTTTCTTTCGAACTATTAAACGCACCTGCCACCGTCTGTGGTCCTAAATTATCAACT,NITNLCPFGEVFNATTFPSVYAWERKRISNCVADYSVLYNSTSFSTFKCYGVSATKLNDLCFSNVYADSFVVKGDDVRQIAPGQTGVIADYNYKLPDDFLGCVLAWNTNSKDSSTSGNYNYLYRWVRRSKLNPYERDLSNDIYSPGGQSCSAVGPNCYNPLRPYGFFTTAGVGHQPYRVVVLSFELLNAPATVCGPKLST,NITNLCPFGEVFNATTFPSVYAWERKRISNCVADYSVLYNST-SFSTFKCYGVSATKLNDLCFSNVYADSFVVKGDDVRQIAPGQTGVIADYNYKLPDDFLGCVLAWNTNSKDSSTSGNYNYLYRWVRRSKLNPYERDLSNDIYSPGGQSCS-AVGPNCYNPLRPYGFFTTAGVGHQPYRVVVLSFELLNAPATVCGPKLST,ggagggtcggctagccatatg,ctcgaggggggcggttccga
49,Rs4084_KY417144,twist,,F,,,,,,,AATATCACTAATTTATGCCCTTTTGGTGAGGTCTTTAATGCAACCACATTTCCCTCTGTTTATGCCTGGGAAAGAAAGAGAATTTCTAATTGCGTCGCCGATTACTCCATCTTGTACAACTCCACAAGCTTTAGTACTTTCAAATGTTATGGTGTAAGCGCTACCAAGTTAAATGACCTGTGTTTCTCCAATGTGTATGCTGATTCTTTCGTCGTTAAGGGTGATGATGTTAGGCAAATTGCACCAGGACAAACGGGTGTAATAGCAGATTATAACTATAAGCTTCCAGATGATTTTCTAGGTTGTGTTCTAGCCTGGAACACTAACTCTAAGGATTCATCTACATCCGGTAATTATAATTATCTATACAGGTGGGTAAGACGTTCCAAGTTGAACCCTTATGAAAGAGATTTGAGTAACGATATTTATTCTCCGGGAGGTCAGTCTTGTTCCGCTGTTGGACCCAACTGTTACAATCCTTTGAGGCCTTATGGATTCTTCACTACAGCTGGAGTAGGCCATCAACCATACAGGGTCGTTGTATTGAGCTTTGAACTACTAAACGCCCCAGCCACAGTATGCGGTCCAAAATTATCCACA,NITNLCPFGEVFNATTFPSVYAWERKRISNCVADYSILYNSTSFSTFKCYGVSATKLNDLCFSNVYADSFVVKGDDVRQIAPGQTGVIADYNYKLPDDFLGCVLAWNTNSKDSSTSGNYNYLYRWVRRSKLNPYERDLSNDIYSPGGQSCSAVGPNCYNPLRPYGFFTTAGVGHQPYRVVVLSFELLNAPATVCGPKLST,NITNLCPFGEVFNATTFPSVYAWERKRISNCVADYSILYNST-SFSTFKCYGVSATKLNDLCFSNVYADSFVVKGDDVRQIAPGQTGVIADYNYKLPDDFLGCVLAWNTNSKDSSTSGNYNYLYRWVRRSKLNPYERDLSNDIYSPGGQSCS-AVGPNCYNPLRPYGFFTTAGVGHQPYRVVVLSFELLNAPATVCGPKLST,ggagggtcggctagccatatg,ctcgaggggggcggttccga
50,BM48-31_NC014470,2696/genscript,,T,R122,L152,A159,S160,T164,S167,AACATAACACAGCTTTGCCCTTTCAACGAAGTGTTCAACATTACATCATTTCCGAGTGTCTATGCTTGGGAAAGGATGAGAATTACTAATTGCGTTGCTGATTACTCTGTTCTATACAATTCATCTGCATCTTTCTCAACTTTTCAATGCTATGGCGTTTCACCAACGAAGTTGAATGATTTGTGTTTCTCAAGTGTTTACGCTGACTACTTTGTCGTCAAAGGGGACGACGTTAGACAAATAGCACCTGCCCAAACTGGAGTAATTGCCGACTACAATTACAAGTTACCTGATGATTTCACTGGCTGCGTTATAGCCTGGAATACTAACTCACTTGATAGCTCTAATGAGTTCTTCTATAGAAGATTCAGGCATGGCAAAATTAAGCCATACGGAAGAGACCTATCGAATGTACTGTTTAATCCGTCGGGAGGAACCTGCTCTGCTGAAGGTTTAAACTGCTACAAGCCCCTTGCATCCTATGGATTTACGCAATCCAGCGGAATCGGGTTTCAACCATATAGAGTGGTCGTGCTGTCGTTCGAATTGCTTAACGCTCCTGCTACTGTCTGTGGACCAAAACAAAGCACC,NITQLCPFNEVFNITSFPSVYAWERMRITNCVADYSVLYNSSASFSTFQCYGVSPTKLNDLCFSSVYADYFVVKGDDVRQIAPAQTGVIADYNYKLPDDFTGCVIAWNTNSLDSSNEFFYRRFRHGKIKPYGRDLSNVLFNPSGGTCSAEGLNCYKPLASYGFTQSSGIGFQPYRVVVLSFELLNAPATVCGPKQST,NITQLCPFNEVFNITSFPSVYAWERMRITNCVADYSVLYNSSASFSTFQCYGVSPTKLNDLCFSSVYADYFVVKGDDVRQIAPAQTGVIADYNYKLPDDFTGCVIAWNTNSLDSS----NEFFYRRFRHGKIKPYGRDLSNVLFNPSGGTCSA-EGLNCYKPLASYGFTQSSGIGFQPYRVVVLSFELLNAPATVCGPKQST,ggagggtcggctagccatatg,ctcgaggggggcggttccga
51,BtKY72_KY352407,twist,,F,,,,,,,AACATTACGAATTTATGTCCCTTTGGTCAAGTTTTCAACGCATCAAACTTTCCATCTGTGTACGCCTGGGAGAGATTAAGAATTAGCGATTGCGTTGCTGATTATGCAGTTCTATATAATTCCTCTTCCAGTTTCTCCACATTTAAGTGTTATGGCGTTTCTCCAACTAAGTTAAATGATTTATGTTTCTCCTCAGTATACGCGGACTACTTCGTCGTCAAAGGTGACGATGTAAGACAAATTGCACCAGCACAAACAGGTGTTATCGCTGACTACAACTACAAGTTGCCAGATGATTTTACCGGATGTGTTTTGGCATGGAACACTAATAGCGTGGATTCCAAATCAGGCAATAACTTCTATTACAGGCTGTTTAGGCATGGAAAGATTAAACCTTATGAAAGAGATATTTCAAACGTATTATATAACAGTGCAGGAGGTACTTGTAGTAGCATATCCCAATTGGGTTGCTACGAACCATTAAAATCCTACGGCTTCACTCCTACAGTGGGCGTGGGGTATCAACCATACAGGGTTGTTGTTCTGAGTTTTGAATTATTAAATGCACCAGCTACTGTCTGCGGTCCAAAGAAATCCACC,NITNLCPFGQVFNASNFPSVYAWERLRISDCVADYAVLYNSSSSFSTFKCYGVSPTKLNDLCFSSVYADYFVVKGDDVRQIAPAQTGVIADYNYKLPDDFTGCVLAWNTNSVDSKSGNNFYYRLFRHGKIKPYERDISNVLYNSAGGTCSSISQLGCYEPLKSYGFTPTVGVGYQPYRVVVLSFELLNAPATVCGPKKST,NITNLCPFGQVFNASNFPSVYAWERLRISDCVADYAVLYNSSSSFSTFKCYGVSPTKLNDLCFSSVYADYFVVKGDDVRQIAPAQTGVIADYNYKLPDDFTGCVLAWNTNSVDSKS--GNNFYYRLFRHGKIKPYERDISNVLYNSAGGTCSSISQLGCYEPLKSYGFTPTVGVGYQPYRVVVLSFELLNAPATVCGPKKST,ggagggtcggctagccatatg,ctcgaggggggcggttccga
52,ZXC21_MG772934,2689,,F,,,,,,,AATATCACCAACGTCTGCCCTTTCCATAAGGTCTTTAACGCTACGAGATTTCCCAGCGTTTATGCATGGGAGAGAACTAAGATATCTGATTGTATTGCAGATTATACCGTGTTCTACAACAGCACTTCTTTCTCAACATTTAAGTGTTACGGAGTTAGTCCGTCCAAGCTGATTGACTTGTGTTTCACTTCTGTATACGCTGACACTTTCTTAATTAGATTCTCTGAAGTCAGACAAGTGGCACCTGGTCAGACGGGTGTCATTGCGGATTACAACTATAAACTACCAGATGATTTCACAGGTTGTGTAATAGCTTGGAACACGGCGAAACAGGACACGGGCCACTACTTCTATAGGAGTCACCGTAGTACGAAACTAAAGCCCTTCGAGCGTGATTTAAGTAGTGACGAGAACGGAGTGAGAACCCTATCCACCTATGATTTCAACCCTAATGTACCCTTGGAGTATCAGGCCACTCGTGTTGTTGTCCTGTCCTTTGAACTGCTTAACGCTCCGGCTACCGTATGCGGACCAAAGTTGTCCACG,NITNVCPFHKVFNATRFPSVYAWERTKISDCIADYTVFYNSTSFSTFKCYGVSPSKLIDLCFTSVYADTFLIRFSEVRQVAPGQTGVIADYNYKLPDDFTGCVIAWNTAKQDTGHYFYRSHRSTKLKPFERDLSSDENGVRTLSTYDFNPNVPLEYQATRVVVLSFELLNAPATVCGPKLST,NITNVCPFHKVFNATRFPSVYAWERTKISDCIADYTVFYNST-SFSTFKCYGVSPSKLIDLCFTSVYADTFLIRFSEVRQVAPGQTGVIADYNYKLPDDFTGCVIAWNTAKQDTGH-----YFYRSHRSTKLKPFERDLSSDE--------------NGVRTLSTYDFNPNVPLEYQATRVVVLSFELLNAPATVCGPKLST,ggagggtcggctagccatatg,ctcgaggggggcggttccga
53,ZC45_MG772933,2688,,F,,,,,,,AATATCACTAATGTATGCCCGTTCCACAAAGTCTTCAATGCGACACGTTTCCCATCTGTCTACGCATGGGAGCGTACTAAGATAAGCGACTGCATCGCAGATTACACGGTATTCTACAATTCAACCAGCTTCAGCACGTTCAAGTGTTATGGCGTGTCACCATCCAAGCTAATAGATCTTTGCTTCACCTCTGTATATGCCGATACGTTCTTGATAAGATTTAGCGAAGTAAGACAGGTGGCTCCGGGACAGACCGGCGTGATAGCGGATTATAATTACAAACTTCCAGACGACTTTACCGGTTGCGTAATCGCTTGGAACACTGCTAAACAAGATGTGGGAAACTATTTCTATAGGTCCCACAGATCAACGAAATTGAAACCGTTTGAGAGGGACCTTTCTAGTGATGAGAACGGCGTCAGAACCTTATCCACCTACGACTTTAACCCAAATGTGCCTCTGGAATATCAAGCCACAAGAGTCGTGGTGCTAAGTTTCGAACTTCTTAATGCGCCAGCAACTGTCTGTGGGCCGAAATTAAGTACG,NITNVCPFHKVFNATRFPSVYAWERTKISDCIADYTVFYNSTSFSTFKCYGVSPSKLIDLCFTSVYADTFLIRFSEVRQVAPGQTGVIADYNYKLPDDFTGCVIAWNTAKQDVGNYFYRSHRSTKLKPFERDLSSDENGVRTLSTYDFNPNVPLEYQATRVVVLSFELLNAPATVCGPKLST,NITNVCPFHKVFNATRFPSVYAWERTKISDCIADYTVFYNST-SFSTFKCYGVSPSKLIDLCFTSVYADTFLIRFSEVRQVAPGQTGVIADYNYKLPDDFTGCVIAWNTAKQDVGN-----YFYRSHRSTKLKPFERDLSSDE--------------NGVRTLSTYDFNPNVPLEYQATRVVVLSFELLNAPATVCGPKLST,ggagggtcggctagccatatg,ctcgaggggggcggttccga
54,JL2012_KJ473811,twist,,F,,,,,,,AACATTACAAACGTGTGCCCTTTTGACAAAGTTTTCAATGCTACCAGATTTCCATCTGTTTATGCTTGGGAAAGGACAAAGATCTCAGACTGTGTTGCAGACTACACTGTCTTTTATAATAGCACCTCCTTTTCTACATTTAACTGCTATGGAGTTTCTCCATCAAAGCTGATTGATTTGTGTTTTACTTCTGTTTACGCCGACACCTTCCTAATCAGGTTCTCAGAAGTTCGTCAAGTCGCTCCTGGCCAAACTGGAGTAATAGCTGATTATAATTATAAGTTACCGGACGATTTTATTGGGTGTGTCATAGCATGGAACACAGCGAAACAGGATGTGGGGTCTTATTTCTACAGAAGTCATAGAAGCAGTAAACTGAAGCCCTTTGAAAGGGACTTAAGTTCCGAAGAGAACGGTGTCTTAACTCTATCAACCTACGACTTTAACCAAAACGTCCCGCTGGAATATCAGGCTACTAGAGTAGTTGTATTATCATTCGAGCTACTTAACGCACCAGCAACCGTTTGTGGACCAAAGTTGTCAACT,NITNVCPFDKVFNATRFPSVYAWERTKISDCVADYTVFYNSTSFSTFNCYGVSPSKLIDLCFTSVYADTFLIRFSEVRQVAPGQTGVIADYNYKLPDDFIGCVIAWNTAKQDVGSYFYRSHRSSKLKPFERDLSSEENGVLTLSTYDFNQNVPLEYQATRVVVLSFELLNAPATVCGPKLST,NITNVCPFDKVFNATRFPSVYAWERTKISDCVADYTVFYNST-SFSTFNCYGVSPSKLIDLCFTSVYADTFLIRFSEVRQVAPGQTGVIADYNYKLPDDFIGCVIAWNTAKQDVGS-----YFYRSHRSSKLKPFERDLSSEE--------------NGVLTLSTYDFNQNVPLEYQATRVVVLSFELLNAPATVCGPKLST,ggagggtcggctagccatatg,ctcgaggggggcggttccga
55,Rf1_DQ412042,2692,,F,,,,,,,AACATAACTAATTTATGTCCCTTCGATAAGGTCTTCAACGCTACTAGATTCCCTTCAGTATATGCATGGGAGAGGACCAAGATATCAGATTGCGTCGCTGACTACACGGTATTCTACAACAGCACGAGTTTCTCCACATTCAACTGCTATGGCGTGTCACCGTCCAAGTTAATTGACCTATGCTTTACCAGTGTTTACGCGGACACATTTCTAATCAGGTTCAGTGAAGTAAGACAAGTTGCTCCAGGCCAAACCGGCGTGATTGCTGACTACAATTATAAACTGCCGGATGACTTTACCGGATGCGTTATAGCCTGGAATACCGCAAAGCAAGATGTTGGGTCCTACTTCTATAGATCTCATCGTAGCTCCAAGTTGAAGCCATTTGAGAGAGACCTGAGTAGTGAAGAGAATGGCGTAAGGACTCTTTCTACGTATGATTTCAACCAGAATGTGCCGCTGGAGTACCAGGCCACGAGGGTCGTCGTACTATCTTTCGAATTATTAAATGCACCTGCCACCGTATGCGGACCGAAGCTAAGTACC,NITNLCPFDKVFNATRFPSVYAWERTKISDCVADYTVFYNSTSFSTFNCYGVSPSKLIDLCFTSVYADTFLIRFSEVRQVAPGQTGVIADYNYKLPDDFTGCVIAWNTAKQDVGSYFYRSHRSSKLKPFERDLSSEENGVRTLSTYDFNQNVPLEYQATRVVVLSFELLNAPATVCGPKLST,NITNLCPFDKVFNATRFPSVYAWERTKISDCVADYTVFYNST-SFSTFNCYGVSPSKLIDLCFTSVYADTFLIRFSEVRQVAPGQTGVIADYNYKLPDDFTGCVIAWNTAKQDVGS-----YFYRSHRSSKLKPFERDLSSEE--------------NGVRTLSTYDFNQNVPLEYQATRVVVLSFELLNAPATVCGPKLST,ggagggtcggctagccatatg,ctcgaggggggcggttccga
56,HeB2013_KJ473812,twist,,F,,,,,,,AATATTACAAATCTATGCCCATTCGATAAAGTTTTCAATGCTACCAGATTCCCATCTGTCTATGCGTGGGAGAGAACTAAAATCTCAGATTGCGTTGCCGACTATACAGTATTTTATAATAGCACCTCTTTCTCCACCTTTAATTGTTATGGTGTATCACCTTCTAAATTGATCGATCTTTGTTTTACCAGTGTCTACGCAGACACATTCTTGATTAGGTTTTCTGAGGTCAGACAAGTCGCCCCTGGTCAAACTGGTGTTATTGCTGATTACAACTACAAATTACCGGATGACTTTACTGGATGCGTAATAGCTTGGAACACCGCTAAACAGGACGTAGGTAGTTATTTCTATAGATCACACCGTTCTTCAAAGTTGAAGCCTTTTGAAAGAGATCTGTCCAGTGAAGAAAACGGTGTCAGAACTCTATCCACGTATGACTTCAATCAATATGTCCCTTTAGAATACCAAGCCACTAGAGTTGTAGTTCTTTCATTTGAGTTGCTTAATGCTCCCGCCACAGTGTGTGGACCCAAATTATCCACT,NITNLCPFDKVFNATRFPSVYAWERTKISDCVADYTVFYNSTSFSTFNCYGVSPSKLIDLCFTSVYADTFLIRFSEVRQVAPGQTGVIADYNYKLPDDFTGCVIAWNTAKQDVGSYFYRSHRSSKLKPFERDLSSEENGVRTLSTYDFNQYVPLEYQATRVVVLSFELLNAPATVCGPKLST,NITNLCPFDKVFNATRFPSVYAWERTKISDCVADYTVFYNST-SFSTFNCYGVSPSKLIDLCFTSVYADTFLIRFSEVRQVAPGQTGVIADYNYKLPDDFTGCVIAWNTAKQDVGS-----YFYRSHRSSKLKPFERDLSSEE--------------NGVRTLSTYDFNQYVPLEYQATRVVVLSFELLNAPATVCGPKLST,ggagggtcggctagccatatg,ctcgaggggggcggttccga
57,273-2005_DQ648856,twist,,F,,,,,,,AATATTACTAACCTATGCCCTTTCGACAAAGTATTCAATGCGACAAGATTCCCCTCAGTGTACGCATGGGAGAGAACTAAAATAAGCGATTGTGTGGCAGATTATACCGTTTTCTATAATAGCACTAGCTTCAGCACGTTTAACTGCTATGGAGTATCTCCCAGCAAGCTGATCGATTTGTGCTTCACATCTGTTTATGCTGATACATTCCTAATCAGATTTTCTGAAGTCAGACAAGTTGCACCAGGTCAAACAGGTGTTATAGCAGACTATAATTACAAGCTTCCGGATGATTTCACAGGTTGTGTGATTGCATGGAATACAGCAAAACAAGACGTCGGGTCATACTTTTACAGATCCCACAGATCTTCCAAATTGAAACCATTTGAAAGAGATTTGTCTTCAGTTGAGGAAAACGGTAGAACTTTATCTACTTATGATTTCAATCAGAATGTACCCTTGGAATACCAAGCTACTAGAGTAGTAGTATTGTCTTTTGAATTACTAAACGCGCCGGCCACGGTTTGTGGTCCAAAATTAAGTACG,NITNLCPFDKVFNATRFPSVYAWERTKISDCVADYTVFYNSTSFSTFNCYGVSPSKLIDLCFTSVYADTFLIRFSEVRQVAPGQTGVIADYNYKLPDDFTGCVIAWNTAKQDVGSYFYRSHRSSKLKPFERDLSSVEENGRTLSTYDFNQNVPLEYQATRVVVLSFELLNAPATVCGPKLST,NITNLCPFDKVFNATRFPSVYAWERTKISDCVADYTVFYNST-SFSTFNCYGVSPSKLIDLCFTSVYADTFLIRFSEVRQVAPGQTGVIADYNYKLPDDFTGCVIAWNTAKQDVGS-----YFYRSHRSSKLKPFERDLSSVE--------------ENGRTLSTYDFNQNVPLEYQATRVVVLSFELLNAPATVCGPKLST,ggagggtcggctagccatatg,ctcgaggggggcggttccga
58,Rf4092_KY417145,twist,,F,,,,,,,AACATTACGAACTTGTGTCCATTTGATGCTGTGTTCAATGCTACCAGATTCCCTTCAGTATACGCGTGGGAAAGGGTAAAGATAAGTAACTGCGTGGCAGATTACACCGCTTTCTACAATTCCACATCTTTCTCTACATTTAAATGTTACGGTGTAAGTCCCAGTAAGCTGATTGATCTATGTTTTACGTCAGTCTACGCCGATACTTTCTTGATCAGATTTAGTGAAGTGAGGCAAGTTGCTCCTGGTGAGACTGGTGTCATCGCTGATTATAACTACAAGCTGCCAGATGACTTTACGGGCTGCGTTATCGCCTGGAACACGGCTAAGCAAGACGTTGGTAGCTACTTCTACCGTTCTCATAGGTCCTCTAAGCTTAAACCTTTTGAAAGAGACTTGTCTTCCGATGAAAACGGTGTTCGTACTCTGTCAACATACGATTTTAACCCTAACGTGCCTTTGGACTATCAAGCTACGCGTGTTGTAGTTTTGTCTTTTGAATTGTTGAATGCGCCCGCTACCGTTTGTGGTCCGAAGTTGAGTACT,NITNLCPFDAVFNATRFPSVYAWERVKISNCVADYTAFYNSTSFSTFKCYGVSPSKLIDLCFTSVYADTFLIRFSEVRQVAPGETGVIADYNYKLPDDFTGCVIAWNTAKQDVGSYFYRSHRSSKLKPFERDLSSDENGVRTLSTYDFNPNVPLDYQATRVVVLSFELLNAPATVCGPKLST,NITNLCPFDAVFNATRFPSVYAWERVKISNCVADYTAFYNST-SFSTFKCYGVSPSKLIDLCFTSVYADTFLIRFSEVRQVAPGETGVIADYNYKLPDDFTGCVIAWNTAKQDVGS-----YFYRSHRSSKLKPFERDLSSDE--------------NGVRTLSTYDFNPNVPLDYQATRVVVLSFELLNAPATVCGPKLST,ggagggtcggctagccatatg,ctcgaggggggcggttccga
59,YN2013_KJ473816,twist,,F,,,,,,,AATATAACAAACAGGTGTCCATTCGATTCTATCTTCAATGCTTCAAGATTCCCATCAGTTTATGCTTGGGAGAGGACTAAGATCTCCGATTGTGTCGCCGACTATACCGTTTTGTATAACTCTACCCTGTTCTCCACATTCAAATGCTACGGTGTGAGTCCCTCCAAGTTAATTGATTTATGTTTTACTTCCGTGTATGCAGACACGTTTCTTATCAGATTTTCAGAAGTAAGGCAAGTAGCACCTGGTGAAACTGGTGTTATAGCGGACTACAACTATCGTTTACCCGATGACTTTACTGGTTGTGTTATTGCCTGGAACACTGCGAACCAGGATGTGGGTAGTTACTTCTATAGATCTCACAGGAGCACCAAATTAAAGCCCTTTGAGAGAGATCTGTCTAGCGACGAAAATGGTGTTAGAACCTTGTCTACTTATGACTTTAACCCAAACGTTCCATTGGATTATCAAGCTACGAGGGTTGTTGTTTTATCCTTTGAGTTATTGAATGCTCCAGCTACAGTTTGTGGTCCCAAACTTTCTACG,NITNRCPFDSIFNASRFPSVYAWERTKISDCVADYTVLYNSTLFSTFKCYGVSPSKLIDLCFTSVYADTFLIRFSEVRQVAPGETGVIADYNYRLPDDFTGCVIAWNTANQDVGSYFYRSHRSTKLKPFERDLSSDENGVRTLSTYDFNPNVPLDYQATRVVVLSFELLNAPATVCGPKLST,NITNRCPFDSIFNASRFPSVYAWERTKISDCVADYTVLYNST-LFSTFKCYGVSPSKLIDLCFTSVYADTFLIRFSEVRQVAPGETGVIADYNYRLPDDFTGCVIAWNTANQDVGS-----YFYRSHRSTKLKPFERDLSSDE--------------NGVRTLSTYDFNPNVPLDYQATRVVVLSFELLNAPATVCGPKLST,ggagggtcggctagccatatg,ctcgaggggggcggttccga
60,RmYN02_EPI_ISL_412977,twist,,F,,,,,,,AACATTACAAATTTCTGTCCTTTTGACAAGGTATTTAATGCCACCAGATTTCCAAATGTATACGCTTGGCAAAGGACAAAGATATCAGACTGCATAGCTGATTATACTGTTCTATATAATTCAACCTCATTCTCCACTTTCAAGTGTTATGGTGTCTCACCTTCAAAATTAATAGATTTATGTTTCACAAGTGTATATGCGGATACTTTCTTAATCCGTTTCTCTGAGGTTAGGCAAATCGCACCTGGTGAAACAGGCGTGATAGCCGATTATAACTACAAATTGCCGGATGATTTCACTGGCTGTGTTTTGGCTTGGAACACTGCTCAACAGGATATTGGCTCATATTTCTATAGGTCACATAGGGCGGTTAAGTTAAAACCGTTTGAAAGAGATCTATCCTCAGATGAAAATGGTGTTAGGACATTAAGCACTTATGATTTTAACCCTAACGTGCCATTGGATTATCAGGCAACCCGTGTTGTAGTGTTATCCTTCGAATTGTTGAATGCTCCAGCAACAGTTTGTGGTCCAAAACTGTCTACC,NITNFCPFDKVFNATRFPNVYAWQRTKISDCIADYTVLYNSTSFSTFKCYGVSPSKLIDLCFTSVYADTFLIRFSEVRQIAPGETGVIADYNYKLPDDFTGCVLAWNTAQQDIGSYFYRSHRAVKLKPFERDLSSDENGVRTLSTYDFNPNVPLDYQATRVVVLSFELLNAPATVCGPKLST,NITNFCPFDKVFNATRFPNVYAWQRTKISDCIADYTVLYNST-SFSTFKCYGVSPSKLIDLCFTSVYADTFLIRFSEVRQIAPGETGVIADYNYKLPDDFTGCVLAWNTAQQDIGS-----YFYRSHRAVKLKPFERDLSSDE--------------NGVRTLSTYDFNPNVPLDYQATRVVVLSFELLNAPATVCGPKLST,ggagggtcggctagccatatg,ctcgaggggggcggttccga
61,As6526_KY417142,twist,,F,,,,,,,AATATTACAAACAGGTGTCCATTCGATAAGGTCTTTAATGCCACAAGGTTTCCAAGCGTCTATGCTTGGGAAAGAACCAAGATATCTGATTGCGTGGCAGATTATACCGTTTTATATAATTCCACATCCTTTTCAACATTCAAGTGTTACGGTGTTTCTCCCTCCAAATTAATCGACTTATGTTTTACCTCAGTCTACGCTGATACCTTCTTGATCAGGAGTTCAGAAGTCCGTCAAGTGGCTCCAGGGGAAACAGGTGTCATAGCCGATTATAATTACAAGTTGCCAGACGACTTTACAGGCTGCGTCATCGCGTGGAATACAGCTCAACAAGACAAAGGTCAATATTACTATAGATCCTCTAGAAAGACAAAACTAAAGCCATTTGAAAGGGATCTTTCTAGTGACGAAAATGGAGTAAGGACTTTGTCTACTTATGATTTCTATCCAACTGTTCCTATAGAGTATCAAGCCACGAGGGTGGTTGTTTTGAGTTTTGAACTACTAAATGCTCCGGCTACCGTATGTGGTCCAAAATTAAGCACG,NITNRCPFDKVFNATRFPSVYAWERTKISDCVADYTVLYNSTSFSTFKCYGVSPSKLIDLCFTSVYADTFLIRSSEVRQVAPGETGVIADYNYKLPDDFTGCVIAWNTAQQDKGQYYYRSSRKTKLKPFERDLSSDENGVRTLSTYDFYPTVPIEYQATRVVVLSFELLNAPATVCGPKLST,NITNRCPFDKVFNATRFPSVYAWERTKISDCVADYTVLYNST-SFSTFKCYGVSPSKLIDLCFTSVYADTFLIRSSEVRQVAPGETGVIADYNYKLPDDFTGCVIAWNTAQQDKGQ-----YYYRSSRKTKLKPFERDLSSDE--------------NGVRTLSTYDFYPTVPIEYQATRVVVLSFELLNAPATVCGPKLST,ggagggtcggctagccatatg,ctcgaggggggcggttccga
62,Rs4237_KY417147,twist,,F,,,,,,,AATATTACAAATAGATGTCCTTTCGATAAAGTATTTAATGCATCTAGGTTTCCAAATGTATATGCATGGGAAAGGACTAAGATATCAGACTGTGTCGCTGACTACACTGTCCTATACAATAGTACATCTTTCAGTACTTTTAAGTGCTATGGTGTGTCACCATCCAAGCTGATCGATCTTTGTTTCACAAGTGTGTACGCAGATACATTCTTGATAAGATCCAGTGAAGTAAGACAGGTTGCGCCCGGAGAGACTGGGGTTATTGCCGACTACAACTATAAGCTTCCAGACGATTTTACTGGTTGCGTTATAGCCTGGAATACCGCAAAACAAGATCAGGGTCAATACTATTACAGATCCTCAAGAAAGACTAAGTTGAAACCTTTTGAGAGGGACCTGTCTTCTGATGAAAATGGTGTCCGTACCTTAAGTACTTACGACTTTTACCCAACAGTGCCTATAGAATACCAGGCAACCAGAGTAGTTGTCTTGTCTTTTGAGTTGTTAAATGCTCCAGCGACGGTTTGTGGACCCAAATTGAGTACA,NITNRCPFDKVFNASRFPNVYAWERTKISDCVADYTVLYNSTSFSTFKCYGVSPSKLIDLCFTSVYADTFLIRSSEVRQVAPGETGVIADYNYKLPDDFTGCVIAWNTAKQDQGQYYYRSSRKTKLKPFERDLSSDENGVRTLSTYDFYPTVPIEYQATRVVVLSFELLNAPATVCGPKLST,NITNRCPFDKVFNASRFPNVYAWERTKISDCVADYTVLYNST-SFSTFKCYGVSPSKLIDLCFTSVYADTFLIRSSEVRQVAPGETGVIADYNYKLPDDFTGCVIAWNTAKQDQGQ-----YYYRSSRKTKLKPFERDLSSDE--------------NGVRTLSTYDFYPTVPIEYQATRVVVLSFELLNAPATVCGPKLST,ggagggtcggctagccatatg,ctcgaggggggcggttccga
63,Rs4081_KY417143,twist,,F,,,,,,,AACATTACGAATAGATGCCCATTTGATAAAGTCTTTAACGCTTCCAGGTTCCCTAACGTATATGCGTGGGAAAGAACCAAGATAAGTGATTGTGTCGCTGATTACACTGTGTTGTATAATTCTACATCTTTCTCAACATTCAAGTGCTATGGTGTGAGTCCTTCCAAGTTGATTGATCTTTGTTTCACATCCGTTTATGCCGACACATTCCTGATTAGGAGTAGTGAGGTCAGACAAGTAGCTCCAGGCGAAACAGGTGTTATCGCTGACTATAACTATAAATTGCCTGACGATTTCACAGGTTGTGTTATTGCATGGAACACGGCAAAGCAAGACCAAGGTCAATACTATTATAGATCCTCCAGAAAGACTAAACTAAAACCATTCGAGCGTGATCTGACTTCCGATGAGAACGGCGTTAGAACCCTTTCTACTTACGATTTCTACCCAAATGTACCCATAGAATACCAGGCTACGAGAGTTGTAGTCCTGAGTTTTGAATTACTAAACGCTCCCGCGACCGTATGTGGCCCTAAGTTATCTACT,NITNRCPFDKVFNASRFPNVYAWERTKISDCVADYTVLYNSTSFSTFKCYGVSPSKLIDLCFTSVYADTFLIRSSEVRQVAPGETGVIADYNYKLPDDFTGCVIAWNTAKQDQGQYYYRSSRKTKLKPFERDLTSDENGVRTLSTYDFYPNVPIEYQATRVVVLSFELLNAPATVCGPKLST,NITNRCPFDKVFNASRFPNVYAWERTKISDCVADYTVLYNST-SFSTFKCYGVSPSKLIDLCFTSVYADTFLIRSSEVRQVAPGETGVIADYNYKLPDDFTGCVIAWNTAKQDQGQ-----YYYRSSRKTKLKPFERDLTSDE--------------NGVRTLSTYDFYPNVPIEYQATRVVVLSFELLNAPATVCGPKLST,ggagggtcggctagccatatg,ctcgaggggggcggttccga
64,Rp3_DQ071615,2690,,F,,,,,,,AACATTACAAATCGTTGCCCATTTGATAAAGTCTTCAATGCTACAAGGTTCCCGAATGTGTACGCCTGGGAAAGGACTAAGATTTCAGATTGTGTCGCAGATTATACCGTACTTTACAACAGCACAAGTTTCAGTACCTTCAAGTGTTACGGTGTATCACCTTCCAAACTTATTGACCTGTGTTTCACTTCCGTTTACGCTGATACCTTCTTGATTAGATCCAGCGAAGTTCGTCAAGTGGCACCCGGTGAGACGGGAGTGATTGCCGATTACAATTACAAGCTTCCAGATGATTTCACGGGATGTGTTATAGCGTGGAATACGGCCAAACAAGACCAAGGGCAATATTACTACAGGAGCCACAGGAAGACCAAGCTTAAACCTTTCGAGCGTGACCTTTCCTCAGATGAGAACGGCGTTCGTACGCTAAGTACTTATGACTTCTATCCATCTGTGCCCGTAGCTTATCAAGCCACCAGAGTAGTTGTTCTTTCATTTGAATTGCTAAATGCGCCTGCGACAGTGTGCGGACCCAAACTTTCTACT,NITNRCPFDKVFNATRFPNVYAWERTKISDCVADYTVLYNSTSFSTFKCYGVSPSKLIDLCFTSVYADTFLIRSSEVRQVAPGETGVIADYNYKLPDDFTGCVIAWNTAKQDQGQYYYRSHRKTKLKPFERDLSSDENGVRTLSTYDFYPSVPVAYQATRVVVLSFELLNAPATVCGPKLST,NITNRCPFDKVFNATRFPNVYAWERTKISDCVADYTVLYNST-SFSTFKCYGVSPSKLIDLCFTSVYADTFLIRSSEVRQVAPGETGVIADYNYKLPDDFTGCVIAWNTAKQDQGQ-----YYYRSHRKTKLKPFERDLSSDE--------------NGVRTLSTYDFYPSVPVAYQATRVVVLSFELLNAPATVCGPKLST,ggagggtcggctagccatatg,ctcgaggggggcggttccga
65,279-2005_DQ648857,twist,,F,,,,,,,AACATTACAAACAGATGTCCTTTTGATAAAGTGTTTAATGCCTCTAGATTCCCTAATGTCTACGCATGGGAAAGAACTAAGATATCCGATTGTGTTGCAGACTATACCGTTCTTTATAATTCAACATCATTCTCCACATTTAAGTGCTACGGGGTTTCACCTTCTAAACTTATAGACCTTTGTTTTACATCTGTTTACGCCGATACATTCTTGATTAGATCCTCTGAAGTTAGGCAAGTAGCCCCAGGCGAAACAGGAGTAATTGCAGATTATAACTATAAATTACCTGATGATTTTACAGGCTGCGTCATCGCATGGAACACTGCTCAACAAGACCAGGGTCAGTATTATTATAGATCATACAGAAAGGAGAAATTAAAGCCTTTCGAGAGGGATCTATCTTCTGATGAAAATGGGGTTTATACACTTTCTACGTATGACTTTTACCCTAGTATTCCAGTCGAGTATCAAGCCACTAGAGTAGTTGTCTTGTCCTTTGAATTACTTAATGCTCCAGCAACCGTGTGTGGTCCGAAGCTGTCTACC,NITNRCPFDKVFNASRFPNVYAWERTKISDCVADYTVLYNSTSFSTFKCYGVSPSKLIDLCFTSVYADTFLIRSSEVRQVAPGETGVIADYNYKLPDDFTGCVIAWNTAQQDQGQYYYRSYRKEKLKPFERDLSSDENGVYTLSTYDFYPSIPVEYQATRVVVLSFELLNAPATVCGPKLST,NITNRCPFDKVFNASRFPNVYAWERTKISDCVADYTVLYNST-SFSTFKCYGVSPSKLIDLCFTSVYADTFLIRSSEVRQVAPGETGVIADYNYKLPDDFTGCVIAWNTAQQDQGQ-----YYYRSYRKEKLKPFERDLSSDE--------------NGVYTLSTYDFYPSIPVEYQATRVVVLSFELLNAPATVCGPKLST,ggagggtcggctagccatatg,ctcgaggggggcggttccga
66,Shaanxi2011_JX993987,twist,,F,,,,,,,AATATTACGAATAGATGCCCCTTTGATAAGGTGTTTAATGCAACTAGGTTTCCTTCTGTGTATGCTTGGGAAAGGACGAAGATATCAGATTGTGTAGCAGATTATACGGTGTTATACAATTCTACTTCTTTCTCAACCTTTAAATGTTATGGCGTTTCTCCAAGTAAACTAATCGACTTGTGCTTTACTTCTGTATATGCCGATACTTTCTTGATAAGATCCAGTGAAGTCAGACAGGTGGCACCAGGTGAAACAGGAGTTATTGCCGATTACAATTACAAATTACCAGATGACTTTACAGGTTGTGTGATTGCTTGGAATACAGCCAATCAAGATCAAGGTCAGTATTACTACAGAAGCTCCAGGAAGGAGAAGTTAAAGCCCTTCGAGAGAGATTTAAGCAGCGATGAAAACGGCGTTTATACGCTGTCAACGTACGATTTCTATCCGTCAGTGCCTTTGGATTACCAGGCAACGAGGGTGGTTGTGTTGTCTTTCGAATTGCTAAATGCACCTGCCACGGTTTGTGGGCCAAAGTTATCTACT,NITNRCPFDKVFNATRFPSVYAWERTKISDCVADYTVLYNSTSFSTFKCYGVSPSKLIDLCFTSVYADTFLIRSSEVRQVAPGETGVIADYNYKLPDDFTGCVIAWNTANQDQGQYYYRSSRKEKLKPFERDLSSDENGVYTLSTYDFYPSVPLDYQATRVVVLSFELLNAPATVCGPKLST,NITNRCPFDKVFNATRFPSVYAWERTKISDCVADYTVLYNST-SFSTFKCYGVSPSKLIDLCFTSVYADTFLIRSSEVRQVAPGETGVIADYNYKLPDDFTGCVIAWNTANQDQGQ-----YYYRSSRKEKLKPFERDLSSDE--------------NGVYTLSTYDFYPSVPLDYQATRVVVLSFELLNAPATVCGPKLST,ggagggtcggctagccatatg,ctcgaggggggcggttccga
67,Yunnan2011_JX993988,twist,,F,,,,,,,AATATTACGAATCGTTGTCCTTTCGATAGGGTCTTTAATGCCTCTAGATTTCCATCCGTCTATGCTTGGGAGAGAACAAAGATTAGTGATTGCGTTGCTGATTACACCGTGTTGTACAACTCAACCTCATTTTCTACCTTCAAGTGTTATGGTGTATCTCCTTCTAAATTAATTGACTTATGCTTCACATCAGTTTATGCCGATACTTTCTTGATCAGATTTAGTGAAGTTAGACAAATAGCACCTGGTGAAACTGGAGTCATCGCGGACTATAACTATAAGTTGCCAGATGAGTTTACTGGCTGCGTAATCGCTTGGAACACTGCTAACCAGGACAGAGGTCAATACTATTATAGGTCCTCAAGAAAGACAAAGTTGAAACCATTCGAAAGAGACCTAAGTTCCGACGAAAATGGCGTCAGAACCTTGTCAACTTATGATTTCTATCCAAGCGTACCATTAGAGTACCAAGCTACTAGGGTTGTGGTTTTGTCCTTCGAATTGTTAAATGCCCCAGCAACAGTGTGTGGACCAAAGTTGTCCACT,NITNRCPFDRVFNASRFPSVYAWERTKISDCVADYTVLYNSTSFSTFKCYGVSPSKLIDLCFTSVYADTFLIRFSEVRQIAPGETGVIADYNYKLPDEFTGCVIAWNTANQDRGQYYYRSSRKTKLKPFERDLSSDENGVRTLSTYDFYPSVPLEYQATRVVVLSFELLNAPATVCGPKLST,NITNRCPFDRVFNASRFPSVYAWERTKISDCVADYTVLYNST-SFSTFKCYGVSPSKLIDLCFTSVYADTFLIRFSEVRQIAPGETGVIADYNYKLPDEFTGCVIAWNTANQDRGQ-----YYYRSSRKTKLKPFERDLSSDE--------------NGVRTLSTYDFYPSVPLEYQATRVVVLSFELLNAPATVCGPKLST,ggagggtcggctagccatatg,ctcgaggggggcggttccga
68,Rs4247_KY417148,twist,,F,,,,,,,AATATCACTAATAGATGCCCATTCGATAAGGTCTTTAATGCATCACGTTTCCCAAATGTGTATGCTTGGGAGAGAACAAAGATTAGTGACTGTGTAGCAGACTACACAGTGCTTTATAACTCTACCTCCTTTTCAACATTTAAGTGTTATGGTGTTAGTCCGAGTAAATTAATTGATTTGTGTTTCACTAGCGTTTATGCCGACACGTTTCTTATAAGGTCATCTGAAGTGCGTCAAGTAGCACCTGGGGAAACTGGCGTTATAGCTGATTACAATTACAAGCTGCCTGATGATTTTACTGGTTGTGTGATTGCTTGGAATACTGCTAAGCAGGATACTGGTCACTATTATTACAGGAGCCACCGTAAAACTAAGCTAAAACCGTTCGAGCGTGATCTGTCATCCGATGATGGTAATGGAGTATACACGTTGTCTACTTACGACTTTAATCCAAATGTTCCAGTAGCTTACCAAGCAACAAGGGTCGTTGTACTAAGTTTTGAACTTTTGAATGCACCCGCTACGGTGTGTGGACCTAAATTGTCCACT,NITNRCPFDKVFNASRFPNVYAWERTKISDCVADYTVLYNSTSFSTFKCYGVSPSKLIDLCFTSVYADTFLIRSSEVRQVAPGETGVIADYNYKLPDDFTGCVIAWNTAKQDTGHYYYRSHRKTKLKPFERDLSSDDGNGVYTLSTYDFNPNVPVAYQATRVVVLSFELLNAPATVCGPKLST,NITNRCPFDKVFNASRFPNVYAWERTKISDCVADYTVLYNST-SFSTFKCYGVSPSKLIDLCFTSVYADTFLIRSSEVRQVAPGETGVIADYNYKLPDDFTGCVIAWNTAKQDTGH-----YYYRSHRKTKLKPFERDLSSDDG-------------NGVYTLSTYDFNPNVPVAYQATRVVVLSFELLNAPATVCGPKLST,ggagggtcggctagccatatg,ctcgaggggggcggttccga
69,HKU3-1_DQ022305,2691,HKU3-13_GQ153548,F,,,,,,,AACATAACTAACCGTTGTCCGTTCGATAAGGTGTTCAACGCGACCAGATTTCCCAATGTTTATGCATGGGAACGTACTAAGATCAGCGATTGTGTAGCGGATTACACGGTACTATATAACTCTACCTCTTTCTCAACATTCAAATGCTATGGAGTTTCACCGAGTAAATTGATCGACCTGTGCTTTACGTCAGTCTATGCCGACACGTTCCTTATTAGGTCCTCTGAGGTCAGGCAAGTAGCACCTGGTGAGACGGGTGTTATTGCAGACTACAACTACAAATTGCCAGACGACTTCACTGGCTGCGTTATCGCCTGGAACACTGCGAAACATGACACCGGTAACTATTACTATAGGTCACACCGTAAGACAAAGCTGAAACCTTTCGAGCGTGATCTGAGCAGCGATGATGGAAACGGAGTCTATACTTTGTCCACTTATGACTTCAACCCTAACGTCCCAGTTGCGTATCAGGCCACGAGAGTTGTGGTGTTAAGTTTCGAGTTATTGAATGCACCCGCTACGGTGTGCGGCCCGAAACTTAGTACC,NITNRCPFDKVFNATRFPNVYAWERTKISDCVADYTVLYNSTSFSTFKCYGVSPSKLIDLCFTSVYADTFLIRSSEVRQVAPGETGVIADYNYKLPDDFTGCVIAWNTAKHDTGNYYYRSHRKTKLKPFERDLSSDDGNGVYTLSTYDFNPNVPVAYQATRVVVLSFELLNAPATVCGPKLST,NITNRCPFDKVFNATRFPNVYAWERTKISDCVADYTVLYNST-SFSTFKCYGVSPSKLIDLCFTSVYADTFLIRSSEVRQVAPGETGVIADYNYKLPDDFTGCVIAWNTAKHDTGN-----YYYRSHRKTKLKPFERDLSSDDG-------------NGVYTLSTYDFNPNVPVAYQATRVVVLSFELLNAPATVCGPKLST,ggagggtcggctagccatatg,ctcgaggggggcggttccga
70,GX2013_KJ473815,twist,,F,,,,,,,AACATCACAAACAGATGCCCCTTTGACAAAGTGTTCAATGCAACGAGATTCCCGAATGTTTACGCTTGGGAAAGAACGAAGATTAGTGACTGCGTTGCAGATTATACTGTGTTATATAATAGCACTTCATTTTCAACTTTCAAATGCTACGGTGTTAGCCCAAGCAAACTTATAGATTTATGTTTTACCTCAGTGTACGCAGATACATTCTTAATAAGGTCATCTGAGGTCAGACAGGTTGCTCCCGGAGAGACCGGCGTCATAGCTGACTATAACTATAAGCTGCCTGACGATTTTACCGGCTGTGTGATCGCCTGGAATACAGCGAAACAAGACACCGGTAATTACTATTACCGTTCACATAGAAAGACCAAACTTAAACCCTTTGAGCGTGACCTGTCTAGTGACGACGGCAACGGGGTTTACACATTGTCCACCTACGACTTCAATCCTAACGTACCGGTCGCATATCAAGCAACTAGAGTGGTGGTTTTATCATTCGAGCTACTAAACGCACCGGCGACTGTCTGCGGGCCAAAGCTGTCCACG,NITNRCPFDKVFNATRFPNVYAWERTKISDCVADYTVLYNSTSFSTFKCYGVSPSKLIDLCFTSVYADTFLIRSSEVRQVAPGETGVIADYNYKLPDDFTGCVIAWNTAKQDTGNYYYRSHRKTKLKPFERDLSSDDGNGVYTLSTYDFNPNVPVAYQATRVVVLSFELLNAPATVCGPKLST,NITNRCPFDKVFNATRFPNVYAWERTKISDCVADYTVLYNST-SFSTFKCYGVSPSKLIDLCFTSVYADTFLIRSSEVRQVAPGETGVIADYNYKLPDDFTGCVIAWNTAKQDTGN-----YYYRSHRKTKLKPFERDLSSDDG-------------NGVYTLSTYDFNPNVPVAYQATRVVVLSFELLNAPATVCGPKLST,ggagggtcggctagccatatg,ctcgaggggggcggttccga
71,Longquan-140_KF294457,twist,,F,,,,,,,AACATTACTAATAGATGTCCATTTGATAAAGTCTTCAATGTGACACGTTTCCCAAATGTCTATGCTTGGGAAAGAACTAAGATTTCTGACTGTGTGGCTGACTACACAGTTTTATATAACTCTACATCATTTTCCACCTTCAAATGTTACGGGGTGTCTCCTTCCAAGCTAATTGATTTGTGCTTTACAAGCGTATATGCAGACACCTTCTTGATTAGATCCTCCGAGGTTAGGCAAGTCGCGCCAGGTGAAACTGGAGTAATAGCTGACTACAATTATAAATTACCCGATGATTTCACTGGTTGTGTCATTGCATGGAATACTGCCAAACAAGATATAGGTAACTATTACTATAGGTCCCACAGAAAGACGAAGCTGAAACCCTTCGAAAGAGACTTGTCTAGCGATGATGGAAATGGTGTCTACACCCTTTCTACGTACGATTTCAACCCAAACGTACCGGTTGCTTATCAAGCCACTAGAGTTGTTGTATTGTCTTTCGAATTGTTGAATGCTCCGGCTACGGTCTGTGGGCCAAAATTGTCAACA,NITNRCPFDKVFNVTRFPNVYAWERTKISDCVADYTVLYNSTSFSTFKCYGVSPSKLIDLCFTSVYADTFLIRSSEVRQVAPGETGVIADYNYKLPDDFTGCVIAWNTAKQDIGNYYYRSHRKTKLKPFERDLSSDDGNGVYTLSTYDFNPNVPVAYQATRVVVLSFELLNAPATVCGPKLST,NITNRCPFDKVFNVTRFPNVYAWERTKISDCVADYTVLYNST-SFSTFKCYGVSPSKLIDLCFTSVYADTFLIRSSEVRQVAPGETGVIADYNYKLPDDFTGCVIAWNTAKQDIGN-----YYYRSHRKTKLKPFERDLSSDDG-------------NGVYTLSTYDFNPNVPVAYQATRVVVLSFELLNAPATVCGPKLST,ggagggtcggctagccatatg,ctcgaggggggcggttccga
72,HKU3-8_GQ153543,twist,,F,,,,,,,AATATAACCAACAGATGCCCATTTGACAGAGTATTTAATGCCAGTAGATTCCCATCTGTGTATGCTTGGGAACGTACAAAGATATCAGAATGTGTAGCTGATTATACAGTTCTATATAATTCAACATCATTTTCAACTTTTAAGTGTTACGGTGTTTCCCCTTCTAAATTGATAGATTTGTGCTTCACATCTGTTTACGCTGATACCTTCCTTATTAGAAGTTCTGAGGTCAGACAAGTTGCACCAGGTGAAACCGGGGTTATAGCAGATTACAATTACAAGTTACCTGATGACTTCACCGGATGTGTCATAGCATGGAACACCGCAAAACAAGATACTGGTAATTATTACTATAGGAGCCACCGTAAAACTAAACTTAAGCCATTCGAAAGGGACTTGAGTTCTGATGATGGCAATGGAGTATATACGCTTTCCACCTATGACTTCAATCCCAATGTACCTGTGGCTTACCAAGCTACAAGAGTCGTTGTTTTGTCATTTGAATTGTTGAATGCGCCAGCCACAGTATGTGGTCCAAAACTTTCCACA,NITNRCPFDRVFNASRFPSVYAWERTKISECVADYTVLYNSTSFSTFKCYGVSPSKLIDLCFTSVYADTFLIRSSEVRQVAPGETGVIADYNYKLPDDFTGCVIAWNTAKQDTGNYYYRSHRKTKLKPFERDLSSDDGNGVYTLSTYDFNPNVPVAYQATRVVVLSFELLNAPATVCGPKLST,NITNRCPFDRVFNASRFPSVYAWERTKISECVADYTVLYNST-SFSTFKCYGVSPSKLIDLCFTSVYADTFLIRSSEVRQVAPGETGVIADYNYKLPDDFTGCVIAWNTAKQDTGN-----YYYRSHRKTKLKPFERDLSSDDG-------------NGVYTLSTYDFNPNVPVAYQATRVVVLSFELLNAPATVCGPKLST,ggagggtcggctagccatatg,ctcgaggggggcggttccga
73,HuB2013_KJ473814,twist,,F,,,,,,,AACATAACCAATAGATGTCCATTTGACAGAGTGTTTAATGCTTCTAGGTTTCCTTCAGTCTATGCTTGGGAACGTACAAAGATTTCAGATTGTGTCGCGGATTACACCGTGTTATACAATAGTACTTCCTTCTCTACATTTAAATGTTACGGTGTATCTCCGTCAAAACTAATAGATTTATGTTTTACGAGCGTCTACGCAGATACATTCTTGATAAGATCATCTGAAGTAAGACAGGTCGCCCCAGGAGAAACGGGCGTCATAGCCGACTATAACTACAAACTTCCCGATGATTTCACCGGTTGCGTCATCGCTTGGAATACAGCAAAACAGGATACTGGCTATTACTATTACAGATCACATAGAAAGACAAAATTGAAGCCCTTTGAAAGAGACCTTTCCTCCGATGATGGCAATGGAGTCTATACTCTAAGCACTTACGATTTCAATCCAAACGTTCCTGTCGCTTATCAAGCCACCCGTGTTGTGGTCTTGTCTTTCGAACTTTTGAATGCACCTGCTACTGTCTGCGGACCAAAATTATCTACA,NITNRCPFDRVFNASRFPSVYAWERTKISDCVADYTVLYNSTSFSTFKCYGVSPSKLIDLCFTSVYADTFLIRSSEVRQVAPGETGVIADYNYKLPDDFTGCVIAWNTAKQDTGYYYYRSHRKTKLKPFERDLSSDDGNGVYTLSTYDFNPNVPVAYQATRVVVLSFELLNAPATVCGPKLST,NITNRCPFDRVFNASRFPSVYAWERTKISDCVADYTVLYNST-SFSTFKCYGVSPSKLIDLCFTSVYADTFLIRSSEVRQVAPGETGVIADYNYKLPDDFTGCVIAWNTAKQDTGY-----YYYRSHRKTKLKPFERDLSSDDG-------------NGVYTLSTYDFNPNVPVAYQATRVVVLSFELLNAPATVCGPKLST,ggagggtcggctagccatatg,ctcgaggggggcggttccga